Time,Acce_X,Acce_Y,Acce_Z,Gyro_X,Gyro_Y,Gyro_Z,Gravity_X,Gravity_Y,Gravity_Z,Roll,Pitch,Yaw,Heart_Rate
18:42:30,-0.002855293,-0.038199484,0.026015341,0.08189901,0.012070058,-0.030803319,-0.021863947,-0.179390848,-0.983534873,-0.022226304,0.180367212,0.003987831,75
18:42:30,0.01262404,0.006773308,-0.00671339,0.604267657,0.068263553,-0.062706128,-0.018483419,-0.185026526,-0.982559681,-0.018809278,0.186098859,0.001046169,75
18:42:31,0.010011367,-0.089067221,0.034650683,0.542731643,0.129610538,-0.028000876,-0.012101829,-0.194166556,-0.98089391,-0.012336926,0.195407769,-0.000956658,75
18:42:31,0.038155872,-0.039527148,0.003731668,0.291547298,0.25461638,0.000906939,-0.003747307,-0.250939459,-0.967995524,-0.003871183,0.253650657,-0.002425483,75
18:42:31,0.045061581,-0.032169133,0.024705529,0.138213947,0.40647915,-0.046519432,0.027478741,-0.277935654,-0.960206568,0.028609722,0.281644406,-0.003708122,75
18:42:31,0.003501639,-0.069097996,0.061463594,-0.689145207,0.601994634,-0.046092525,0.082069807,-0.273462385,-0.958375096,0.085425917,0.27699078,-0.008385719,75
18:42:31,-0.008497536,-0.113031328,0.094104648,-2.813364983,0.586884618,0.15744862,0.140501589,-0.129064858,-0.981632113,0.142165032,0.129425889,0.010672207,75
18:42:31,0.008639768,0.001907781,0.104828477,-2.313236237,-0.024451468,0.617807925,0.170330837,0.116546385,-0.978470385,0.172351585,-0.11681185,0.093272256,75
18:42:31,-0.010054693,-0.127525657,0.040832579,-1.67268765,-0.323569983,0.566203654,0.158797681,0.26908198,-0.949935913,0.165635186,-0.272439716,0.178933978,75
18:42:31,-0.021805942,0.017603874,0.016786456,-1.633023262,-0.300262004,0.537219644,0.145203963,0.430455834,-0.890855551,0.161573006,-0.444997728,0.272731403,75
18:42:31,0.038594007,0.085743725,-0.056834996,-2.252692699,0.122710817,0.520960212,0.165721372,0.598430634,-0.78384769,0.208352193,-0.641540804,0.374039738,75
18:42:31,-0.002899796,0.01989007,0.15075469,-2.207291842,-0.089627802,0.645820737,0.214508906,0.75801909,-0.615948915,0.335121732,-0.86027057,0.545168217,75
18:42:32,-0.165880963,-0.023952603,-0.089806914,-0.676861107,-0.343411326,0.203733817,0.230486915,0.834897101,-0.499822676,0.432077069,-0.987945827,0.709401212,75
18:42:32,-0.026259169,0.116533101,-0.105657399,0.544562757,0.096223287,-0.086294807,0.227110863,0.851821065,-0.472039759,0.448435177,-1.019451922,0.734693215,75
18:42:32,0.080569148,-0.036726952,0.045601845,-0.217148945,0.202713519,0.273696125,0.240018293,0.831893921,-0.50034368,0.447281692,-0.982511861,0.713604082,75
18:42:32,-0.009523869,-0.169595242,0.079912424,0.997509241,-0.083185092,0.068617277,0.267443329,0.804468095,-0.530382097,0.467039064,-0.9347795,0.722553482,75
18:42:32,-0.032421216,-0.327423155,0.036310554,0.453326344,0.047894634,-0.395033211,0.239010096,0.712021351,-0.660227001,0.347335596,-0.792372817,0.582059242,75
18:42:32,-0.017525107,-0.018297791,0.101495922,0.113497943,0.512780845,0.072047964,0.250893235,0.729861498,-0.635888934,0.375803724,-0.818119351,0.5680471,75
18:42:32,0.021269441,-0.01938957,-0.015805066,0.17521964,0.166061759,0.062346328,0.278306603,0.726039946,-0.628817439,0.416672442,-0.812545499,0.580585368,75
18:42:32,-0.007676303,-0.057179034,0.017417014,-0.022654831,-0.023213631,-0.179552317,0.281114072,0.716679811,-0.638235748,0.414887933,-0.799029805,0.564542903,75
18:42:32,0.018805683,-0.069564044,0.104166269,-0.343616605,-0.433328718,-0.247584105,0.256096929,0.709716737,-0.656289995,0.372046278,-0.789096054,0.529153586,75
18:42:32,-0.053478897,-0.052664042,-0.050175071,-2.232594013,-0.237253219,-0.176202849,0.216870278,0.779181719,-0.58808434,0.353301211,-0.893359249,0.556246621,75
18:42:33,-0.02021803,0.102632642,-0.016685724,-1.159123898,-0.2529158,-0.140783355,0.18823266,0.875074804,-0.445884079,0.399459331,-1.06559032,0.639618501,75
18:42:33,-0.029155254,0.059737325,-0.008841157,-0.195547774,0.172959879,0.382287323,0.204112664,0.896699488,-0.392769754,0.479263513,-1.112255788,0.731086324,75
18:42:33,0.019642562,-0.04097265,0.055818617,0.282511741,0.036994848,0.244614407,0.240001142,0.887561321,-0.393235832,0.547975882,-1.092024368,0.791065069,75
18:42:33,-0.018123433,-0.004095078,0.007341683,2.263818741,-0.101944394,-0.189735174,0.234127149,0.843771994,-0.482942313,0.451408323,-1.004272969,0.6901036,75
18:42:33,-0.046322793,0.074803114,-0.024886072,0.759700656,0.475664884,0.009731056,0.234601289,0.832119286,-0.502533317,0.436767269,-0.982918127,0.646033462,75
18:42:33,0.017615944,-0.006187439,0.067818522,0.023295619,0.172447488,-0.018058497,0.251152724,0.828637302,-0.500282407,0.465263828,-0.976669009,0.635914148,75
18:42:33,0.002235651,0.010383487,0.007450223,0.41821602,-0.220619112,-0.211161911,0.240089521,0.821114838,-0.517810225,0.434157911,-0.963361566,0.605069821,75
18:42:33,-0.004049152,0.106880307,-0.126973987,0.349849224,-0.17429316,-0.135344639,0.210134566,0.811363876,-0.545465112,0.367717158,-0.946481599,0.549928127,75
18:42:33,-0.032147765,0.053432405,-0.158308566,-1.155661821,0.22723031,-0.038096119,0.203183711,0.84752357,-0.490326762,0.392844799,-1.0113019,0.582229607,75
18:42:33,0.015622064,-0.003352821,0.070596159,-1.131232619,0.161357015,-0.217955366,0.205508396,0.896373868,-0.392785221,0.482041234,-1.111520727,0.650421683,75
18:42:34,-0.030150235,0.049470425,-0.014140308,-1.253415227,-0.465712488,-0.263533771,0.173369363,0.939894915,-0.294178218,0.532540283,-1.222322341,0.725939348,75
18:42:34,-0.056359842,0.018639863,-0.103592813,-0.820578635,-0.02451059,0.121474631,0.166116431,0.966239393,-0.196943715,0.700691765,-1.310211211,0.928878955,75
18:42:34,-0.002828047,-0.057438552,0.013135493,-0.46186763,0.131275818,-0.098764792,0.167424753,0.975179255,-0.144894376,0.857412365,-1.347529189,1.079734836,75
18:42:34,-0.018953279,0.040671408,0.004066408,-0.310604602,0.008913413,-0.161144271,0.151201293,0.98273617,-0.106620297,0.956619207,-1.384711716,1.178590119,75
18:42:34,-0.019077554,0.035984933,0.034449458,-0.1499217,0.167248458,0.189576447,0.154331535,0.984782755,-0.079904936,1.093050859,-1.396119406,1.307993983,75
18:42:34,-0.005917519,0.022227645,0.068811119,-0.024185613,0.049198251,0.278737754,0.176739767,0.981770754,-0.069924481,1.194058322,-1.379564044,1.398501065,75
18:42:34,-0.014728278,0.029232681,0.047964096,-0.243084148,-0.056098878,0.412900358,0.207675785,0.976779819,-0.052648082,1.322515988,-1.354876962,1.529418677,75
18:42:34,-0.022352368,-0.020592153,0.024061799,-0.23750107,-0.14201884,0.432651401,0.24737376,0.968361497,-0.032896459,1.438589201,-1.318579202,1.657989151,75
18:42:34,-0.008089304,0.00631988,-0.007778466,-0.240895554,-0.210271925,0.318183988,0.279329598,0.960156739,-0.008594031,1.540039396,-1.287562543,1.781029458,75
18:42:35,-0.003850341,0.016617119,-0.045789719,-0.678760767,-0.067389078,0.044236835,0.328969061,0.936888456,0.118405305,1.91628851,-1.213621956,2.22967714,74
18:42:35,0.005190432,0.006731033,-0.005488753,-0.206755415,0.081886955,-0.050636679,0.32670334,0.931806207,0.158121884,2.021555912,-1.199357841,2.340081061,74
18:42:35,-0.009084255,0.022626817,0.005811691,-0.017423846,0.10122896,-0.01368745,0.323613435,0.931489229,0.166138709,2.045095546,-1.198485572,2.360057305,74
18:42:35,-0.01251024,-0.03821367,-0.003981709,0.10224583,0.189677328,-0.053335525,0.320325881,0.932592571,0.166320279,2.049703115,-1.201530539,2.349971224,74
18:42:35,-0.008402735,-0.022342682,0.013846874,0.067020461,0.378504217,-0.215890884,0.302729666,0.937199056,0.173241735,2.090573096,-1.214511376,2.362372598,74
18:42:35,-0.005974054,0.01473254,0.016239405,0.589321971,0.232733995,-0.365945905,0.27077502,0.948096812,0.166713104,2.122671782,-1.24719618,2.361452447,74
18:42:35,-0.004638433,0.071572244,-0.021642685,1.090317249,-0.000329088,-0.504565835,0.227782801,0.967459083,0.110173531,2.021301304,-1.314988008,2.244657276,74
18:42:35,-0.017127559,0.075401902,-0.032187343,0.809036791,-0.057867482,-0.278940678,0.187201843,0.980932593,0.052221078,1.842836672,-1.375203335,2.068788046,74
18:42:35,-0.035085678,0.047514856,-0.017540336,0.505872905,0.02751,-0.049267285,0.170003623,0.985335946,0.014547996,1.656162976,-1.399331705,1.880058564,74
18:42:36,0.010741204,-0.001811445,0.01248759,0.329923183,0.007976248,0.005713678,0.167496517,0.985742748,-0.016013527,1.475480892,-1.401732745,1.694466161,74
18:42:36,-0.010815427,-0.046237528,0.023664594,0.271794379,-0.031198321,-0.050067294,0.166164875,0.985124409,-0.043807816,1.313021182,-1.398096394,1.531872963,74
18:42:36,-0.005450279,0.002575576,0.029610574,0.269472361,-0.045759149,-0.058712184,0.158846602,0.985337794,-0.062266015,1.197215595,-1.399342642,1.419296288,74
18:42:36,-0.012584686,-0.000902295,-0.006021559,0.284294456,0.0497711,-0.050575696,0.155147135,0.984115005,-0.086296566,1.063187181,-1.39231818,1.283655695,74
18:42:36,-0.010384917,0.014900506,0.001185298,0.307415485,0.052184455,-0.039754204,0.150094077,0.982579708,-0.10958562,0.940144905,-1.383867991,1.152775452,74
18:42:36,0.000132948,-0.008716762,0.023714244,0.091396108,-0.067695878,-0.026742797,0.146900535,0.981676757,-0.121371754,0.880272465,-1.379070169,1.092002916,74
18:42:36,-0.010181785,0.022811949,-0.009793878,0.14316529,-0.105590262,-0.055185359,0.140293315,0.981611967,-0.129443705,0.825599392,-1.378730355,1.047085309,74
18:42:36,-0.024032161,0.005898714,-0.023531258,0.098635644,-0.03960672,-0.015584687,0.134215817,0.980947733,-0.14045541,0.762685505,-1.375281339,0.990655899,74
18:42:36,-0.024566546,-0.02200377,-0.018553734,0.124382287,0.107395776,0.00993612,0.135802925,0.979476094,-0.14894329,0.739283255,-1.367845518,0.96286804,74
18:42:36,0.003879324,-0.01076895,0.005589604,0.047207877,0.089016773,0.006463092,0.137188107,0.978023112,-0.157003075,0.718145718,-1.360758948,0.932176521,74
18:42:37,-0.01384522,-0.004817903,0.008148789,0.130440712,0.082774058,0.007288671,0.138723135,0.976955354,-0.162216738,0.707488748,-1.355697739,0.911761085,74
18:42:37,-0.015363038,0.00112915,-0.003326654,0.072618693,-0.018811958,0.00893344,0.139386475,0.975494444,-0.170242026,0.686072665,-1.34895706,0.887006426,74
18:42:37,-0.009168133,0.00204891,-0.017014086,0.076231271,-0.020163247,0.010155032,0.139279842,0.973689854,-0.180358201,0.657583524,-1.340899333,0.859955698,74
18:42:37,-0.010677591,-0.017901123,-0.013906479,0.056987539,0.020543171,-0.001549295,0.140407935,0.971133649,-0.192834228,0.62935523,-1.3299383,0.830501735,74
18:42:37,-0.029535756,-0.039357126,-0.001724303,0.167647213,-0.026237382,-0.045958038,0.14016211,0.968069017,-0.207839131,0.593322151,-1.317409686,0.791312314,74
18:42:37,-0.017471343,0.012309611,-0.003457546,0.204127461,-0.10723716,0.04506588,0.135803372,0.956288576,-0.258977801,0.482962673,-1.274034976,0.683418335,74
18:42:37,0.009167731,0.020198286,-0.014456272,0.15910539,-0.031466767,0.122265853,0.142977774,0.943730712,-0.298210979,0.447074296,-1.233735291,0.644108261,74
18:42:37,0.010057524,0.002527297,-0.004355907,0.157477394,-0.129323289,0.047482431,0.151121199,0.932577968,-0.327811986,0.43196348,-1.201489932,0.634532582,74
18:42:37,-0.072541311,-0.064435482,0.084147632,0.372076482,-0.212529495,0.017885122,0.144288197,0.907239795,-0.395090967,0.350153501,-1.13667451,0.561070014,74
18:42:37,-0.055339634,-0.002655685,-0.035018384,0.432783782,0.125131637,0.198883668,0.150127262,0.900330484,-0.408493459,0.352191921,-1.120528276,0.57245453,74
18:42:38,-0.018631577,-0.048899174,0.013958633,0.146821022,0.257440686,0.263106853,0.182449862,0.892145216,-0.413266152,0.415748398,-1.102071806,0.619768761,74
18:42:38,0.05727765,-0.050300419,0.039633691,0.107500248,0.075319871,0.15854609,0.205188677,0.883338332,-0.42143935,0.453093349,-1.082937141,0.643633095,74
18:42:38,-0.028370753,-0.040412068,0.019788086,0.05190143,-0.06332776,0.162337914,0.218785182,0.87784493,-0.426053375,0.474401759,-1.071343832,0.668351831,74
18:42:38,-0.023342654,-0.023389399,0.013097525,-0.467413932,-0.213962272,0.309458375,0.233837649,0.879453242,-0.414586753,0.513547807,-1.074712248,0.728115282,74
18:42:38,0.032754242,-0.039641321,0.008483529,0.005242315,-0.39869377,0.115614347,0.241156206,0.87913388,-0.41105628,0.530563665,-1.074041728,0.783193479,74
18:42:38,-0.038187042,0.004185855,-0.137543082,-0.103972584,-0.149482086,-0.170731127,0.224328905,0.876413703,-0.426116854,0.484582444,-1.068363671,0.770513838,74
18:42:38,0.006915659,-0.015534461,0.006858289,0.621788085,0.142888784,-0.168460786,0.211391732,0.860046983,-0.4643628,0.427194408,-1.035361805,0.704525713,74
18:42:38,-0.011493146,0.043871343,0.091754973,0.24083966,0.155976102,0.092294909,0.213321105,0.860074401,-0.463428676,0.431395015,-1.035415435,0.689147829,74
18:42:38,-0.005320132,0.009012222,0.056244731,-0.313009173,-0.208266035,0.56541425,0.239862919,0.857366383,-0.455399513,0.484785614,-1.030130935,0.751813587,74
18:42:38,-0.002672762,-0.093377888,-0.04234165,0.118952096,-0.405146599,0.211930498,0.264589757,0.855752409,-0.444612354,0.536810309,-1.027003297,0.84894524,74
18:42:39,-0.034805343,-0.049905539,-0.085915267,0.055805355,-0.31250295,-0.241937667,0.241988942,0.859398782,-0.450416416,0.493006356,-1.034092634,0.842812997,74
18:42:39,0.006324112,-0.04672873,-0.041234851,0.772580028,0.090603746,-0.446747273,0.206215307,0.8488518,-0.486750364,0.400732749,-1.013809455,0.745736144,74
18:42:39,-0.032482058,-0.013495028,-0.028018057,0.527496159,0.329269588,-0.221923217,0.191859886,0.847859859,-0.494290859,0.37025087,-1.011935904,0.684260585,74
18:42:39,-0.01312311,0.025554061,0.042428195,0.116902009,0.352083832,0.146732584,0.204758093,0.848758698,-0.4875274,0.397622038,-1.013633344,0.673354288,74
18:42:39,0.0378858,-0.042125762,0.105760455,-0.408001721,-0.092616409,0.288595438,0.234300271,0.852092028,-0.468019873,0.464143769,-1.019969396,0.733747261,74
18:42:39,-0.040519953,-0.083655059,-0.04267776,0.022895079,-0.496777207,0.148471087,0.239692628,0.851888299,-0.465654135,0.475373035,-1.019580311,0.783066817,74
18:42:39,-0.060698941,-0.086259961,-0.059065938,0.389491975,-0.240843952,-0.010243184,0.226042852,0.825791299,-0.516694665,0.412392453,-0.971603803,0.756306187,74
18:42:39,-0.028329328,-0.033825696,-0.150601804,-0.11327368,0.396956742,-0.194390386,0.220971167,0.81589824,-0.534304976,0.392147474,-0.954281058,0.726031296,74
18:42:39,0.018683985,0.023321092,-0.003787339,0.084127545,0.492267311,-0.105934821,0.23325339,0.807335198,-0.542035758,0.406375173,-0.939622111,0.684146672,74
18:42:39,0.025100648,-0.054462671,0.069863141,-0.041876994,0.184414402,0.08524739,0.253905803,0.803087831,-0.53905648,0.440195116,-0.93245941,0.680736202,74
18:42:40,-0.012709081,-0.03718394,0.004649043,-0.017693091,-0.004128087,-0.013507687,0.259748369,0.8011747,-0.539119482,0.448982778,-0.929255652,0.683677248,74
18:42:40,-0.021562487,-0.066790938,0.02739501,0.872786462,-0.191499829,-0.220013976,0.245286331,0.773515344,-0.584387422,0.397400485,-0.884369187,0.627989957,74
18:42:40,0.007358268,-0.005051613,0.048453331,0.143908858,-0.169628635,-0.039982438,0.219859883,0.752486467,-0.620826602,0.340358747,-0.85182935,0.577593929,74
18:42:40,-0.030719042,0.042269945,-0.011740685,-0.055281747,-0.095128037,0.20239079,0.216052085,0.753826141,-0.620538175,0.335042619,-0.853865773,0.590191286,74
18:42:40,-0.030448675,-0.020463824,-0.012903333,-0.045784917,0.34324801,0.301052362,0.246223032,0.758729279,-0.603078961,0.387620953,-0.861360149,0.641011954,74
18:42:40,-0.042402148,-0.140064418,0.068007469,-0.466511637,0.173437655,0.232114851,0.285978019,0.770694375,-0.569426835,0.465422692,-0.879930159,0.703413866,74
18:42:40,0.003720701,-0.112761199,-0.044230938,0.343700528,-0.137212366,-0.298354596,0.283388466,0.77371037,-0.566624463,0.463755208,-0.884676935,0.705972758,74
18:42:40,-0.030088067,0.019782364,-0.054386497,-0.113689393,0.154759571,-0.379524559,0.245435178,0.775383115,-0.58184427,0.399176466,-0.887321544,0.629251847,74
18:42:40,-0.008255899,0.005118549,0.036853313,0.02288123,0.323192239,-0.048049953,0.24729991,0.790657282,-0.560092807,0.415791166,-0.91188175,0.61392651,74
18:42:40,0.009758532,-0.012575686,0.005048394,0.088269025,0.279954225,0.080784991,0.26721856,0.799134433,-0.538496435,0.460627782,-0.925853984,0.631507385,74
18:42:41,-0.020027608,-0.069587529,-0.009308338,0.119324684,0.11751499,-0.148500934,0.277122557,0.791525483,-0.544693172,0.470637524,-0.913301143,0.617632606,74
18:42:41,0.013599664,-0.010519683,-0.018732548,-0.298538625,-0.092312276,-0.424813479,0.252726823,0.804982483,-0.536779642,0.440032645,-0.93564597,0.578262681,74
18:42:41,0.005964518,-0.032247066,0.01439333,-0.339268208,-0.261616617,-0.350011408,0.212266266,0.829883337,-0.515981138,0.39028128,-0.978898594,0.538216939,74
18:42:41,-0.013544381,0.002936184,-0.006090343,-0.684446871,-0.427258551,-0.137166768,0.171548694,0.864096463,-0.473189592,0.347799612,-1.043352427,0.532401941,74
18:42:41,-0.030039415,0.019373894,-0.034519315,-0.704268277,-0.067741416,0.199284211,0.164148405,0.895036817,-0.414685965,0.376913192,-1.108513704,0.596436637,74
18:42:41,-0.023922518,-0.000361323,-0.014332056,-0.295366794,0.089721709,0.412123263,0.196422383,0.904822588,-0.377775431,0.479475863,-1.130962824,0.707183347,74
18:42:41,-0.00387916,-0.067917109,-0.00971216,0.365489691,0.003774578,0.258490801,0.233523116,0.893597484,-0.383341193,0.547140887,-1.105296907,0.775593529,74
18:42:41,-0.024949744,-0.012092292,-0.117286325,1.646838188,0.106974736,-0.344892025,0.22932525,0.86479646,-0.446695507,0.474295481,-1.044744885,0.694314899,74
18:42:41,-0.024264395,0.063827753,-0.003503621,0.137139097,0.457707703,0.036310736,0.230104744,0.863919139,-0.447990477,0.474498048,-1.043000306,0.660641084,74
18:42:41,-0.018469512,-0.023447275,0.076313913,-0.425009727,0.206739411,0.07494282,0.250020891,0.879767835,-0.404349178,0.553787909,-1.075373681,0.709582194,74
18:42:42,-0.001992136,-0.067145109,0.03115207,0.126482457,-0.13601847,-0.180061787,0.250145048,0.881015718,-0.401545733,0.557127618,-1.078004971,0.708276566,74
18:42:42,-0.019779533,-0.050801456,-0.010001898,-0.017734904,-0.289962232,-0.402430683,0.20801127,0.879030347,-0.428995401,0.451478555,-1.073824597,0.615733123,74
18:42:42,-0.02970776,0.05808121,-0.060101569,-0.249409154,0.0340707,0.013200358,0.186048642,0.892202497,-0.411534399,0.424586692,-1.102198656,0.601294629,74
18:42:42,0.026018098,0.003551602,0.010310113,-0.970767021,-0.020449534,-0.083587706,0.190655977,0.922775447,-0.33486706,0.517576498,-1.175222071,0.690667192,74
18:42:42,-0.024311662,0.076234758,-0.07806921,-1.590792775,-0.306481838,-0.19760482,0.163898349,0.962548912,-0.215955839,0.649200637,-1.296252267,0.852856473,74
18:42:42,-0.042346761,0.024373293,-0.055474937,-0.674499154,0.188413128,0.132679358,0.164340138,0.97966665,-0.115091138,0.959853799,-1.368793056,1.17595744,74
18:42:42,0.004586592,-0.012885332,0.036489308,-0.273291051,-0.19911249,-0.415011197,0.151281372,0.986102402,-0.068673655,1.144665296,-1.403883609,1.359214442,74
18:42:42,-0.041282594,0.0764606,-0.03842932,-0.117911562,0.019180698,0.064557552,0.130561367,0.990415394,-0.045069911,1.238403181,-1.432232685,1.469990855,74
18:42:42,0.00600484,-0.102843702,0.04370445,0.25196287,-0.059979632,-0.20287095,0.130225211,0.989757538,-0.058493342,1.148632306,-1.427548296,1.373453918,74
18:42:42,-0.049301177,0.027822196,-0.013566136,-0.168340921,0.043278314,0.253837198,0.129165053,0.990468383,-0.047839869,1.216084114,-1.43261672,1.447831589,74
18:42:43,-0.000991657,-0.044131219,-0.017559767,0.087661564,-0.024954803,-0.017796975,0.145323887,0.988523722,-0.041251931,1.294209987,-1.419150185,1.522109192,74
18:42:43,-0.020724893,0.044386506,0.048448384,-0.248551592,-0.01519512,0.114404209,0.140307486,0.989377439,-0.03803027,1.306106598,-1.424909777,1.539408133,74
18:42:43,-0.008535326,-0.013412416,0.036642253,-0.403498858,0.044431459,0.429070801,0.175679341,0.984447002,-0.000910398,1.565614215,-1.394198134,1.795617266,74
18:42:43,0.00089626,-0.054472566,0.033668518,-0.414777339,-0.174355477,0.149822384,0.205508485,0.978479505,0.018542606,1.660780603,-1.362959207,1.895279724,74
18:42:43,-0.013400674,0.002634883,0.005796552,-0.324828804,-0.293358326,0.174933597,0.220293492,0.974807799,0.034939218,1.728089206,-1.345857772,1.98971558,74
18:42:43,-0.024476439,0.02949506,-0.015758872,-0.243553117,-0.170059264,0.335592777,0.245132387,0.968073189,0.052389164,1.781346649,-1.317426399,2.068954005,74
18:42:43,-0.016324997,0.010097861,-0.015645385,-0.121871158,-0.057466142,0.413617015,0.283550352,0.95611304,0.073804848,1.82543443,-1.273435257,2.126130802,74
18:42:43,-0.011981547,-0.001264334,-0.018616676,-0.018638518,-0.057314336,0.303050011,0.318009913,0.944480777,0.082620896,1.8249827,-1.236010672,2.130753894,74
18:42:43,-0.02293244,-0.044320583,0.029900312,-0.194059595,-0.096198894,0.231961995,0.342907369,0.935443997,0.085785888,1.815937045,-1.209513012,2.127566132,74
18:42:43,0.002306938,-0.012620807,0.017257333,-0.711117387,-0.117646657,0.161223918,0.360224754,0.925289929,0.118646882,1.888974792,-1.181799315,2.219309112,74
18:42:44,-0.030499816,-0.026833713,-0.039496183,-1.03927505,0.04813192,0.011735086,0.372264236,0.906574428,0.198852763,2.061405609,-1.135095304,2.414025878,74
18:42:44,0.012922555,0.039331079,0.006678343,-0.165408254,0.226214841,0.082515515,0.369201124,0.892014325,0.260770112,2.185744027,-1.101782133,2.535841362,74
18:42:44,-0.009101212,0.018284202,-0.007725835,0.068343252,0.059712946,-0.019348264,0.367818087,0.893484592,0.257673264,2.181888205,-1.105045421,2.51938289,74
18:42:44,-0.030477524,0.025876343,-0.093432426,0.185816094,0.249326289,0.01837408,0.364337564,0.896969616,0.25040704,2.172943827,-1.112866531,2.495463231,74
18:42:44,0.007911623,-0.002107263,0.043631792,0.145131245,0.267797977,-0.046616904,0.354940027,0.901988387,0.245834425,2.176544215,-1.124352831,2.46618897,74
18:42:44,-0.01434955,0.007250309,0.015596747,0.174724817,0.209196717,-0.066737615,0.343982637,0.906408727,0.245151475,2.18998551,-1.134702974,2.455209459,74
18:42:44,-0.003245056,-0.042554319,0.049484372,0.42938745,0.039418325,-0.345451802,0.324028254,0.920401096,0.21878694,2.164689872,-1.169105178,2.411270437,74
18:42:44,-0.006308764,0.012832582,-0.025960684,0.883585095,-0.127293691,-0.628432631,0.279820532,0.94625181,0.162198022,2.096118328,-1.241443441,2.342289274,74
18:42:44,-0.006896988,0.103012502,0.014087439,1.956668258,-0.130586684,-0.469551921,0.221525595,0.97487694,0.023274409,1.675476478,-1.346167825,1.922541814,74
18:42:44,-0.047553927,0.068123102,0.012109816,1.877518415,-0.030901643,-0.055516925,0.187643573,0.97537291,-0.115921549,1.017409225,-1.348405504,1.270809189,74
18:42:45,-0.050533205,-0.002280891,0.006459832,1.301330328,0.089128889,0.088476196,0.187494636,0.962310791,-0.196987227,0.760713894,-1.295375288,1.010454549,74
18:42:45,-0.041226089,-0.00433588,-0.004590631,0.804688156,0.115260087,0.141556725,0.193873584,0.950877368,-0.241340831,0.676761196,-1.256057761,0.91917412,74
18:42:45,-0.026577517,-0.026018679,0.032465458,0.903911948,0.227579176,0.242746472,0.213328272,0.931025743,-0.296112031,0.624306825,-1.1972135,0.848507682,74
18:42:45,-0.013868421,-0.056821406,0.019703388,0.898373902,0.233787537,0.202888265,0.238094434,0.905294418,-0.351785541,0.594996864,-1.132072377,0.794007678,74
18:42:45,-0.007503837,-0.060702443,0.035870671,0.667750001,0.081433155,-0.05186706,0.248132899,0.887721539,-0.38778913,0.569217785,-1.092372243,0.748662712,74
18:42:45,-0.006205142,0.027269244,0.011367798,0.766696751,-0.098748863,-0.067333899,0.239311785,0.873923302,-0.423069656,0.51478347,-1.063216219,0.6902802,74
18:42:45,-0.014721394,-0.030850291,0.012812138,0.440384448,-0.115637563,-0.029881867,0.230448395,0.86205101,-0.451399624,0.472027897,-1.039302655,0.657376425,74
18:42:45,-0.023473546,-0.004869759,-0.015605092,0.216367081,-0.006539047,-0.019397266,0.222782403,0.856777668,-0.465080798,0.446722145,-1.028988251,0.63955241,74
18:42:45,-0.034066856,0.025313199,-0.018546104,0.268390864,0.194125339,0.149343282,0.23241429,0.851603687,-0.469845533,0.45936735,-1.019037135,0.639633608,74
18:42:45,-0.005081773,0.000336468,-0.02807647,0.42754215,0.062685035,0.123290904,0.250899315,0.835107625,-0.489535332,0.473617699,-0.98832836,0.640861162,74
18:42:46,-0.029614717,0.016407073,-0.027337551,0.895143449,-0.004668975,0.046811581,0.258113563,0.803503931,-0.53643173,0.448468479,-0.933158021,0.609352823,74
18:42:46,-0.011702776,-0.006079793,-0.008418918,0.735443532,0.018694937,0.086410917,0.26368475,0.762468338,-0.590857387,0.419751713,-0.86711948,0.571184589,74
18:42:46,-0.003530949,-0.014397383,-0.021413207,0.518129349,0.055843636,-0.040626921,0.268559247,0.745929778,-0.60947907,0.415040745,-0.841929768,0.560801246,74
18:42:46,-0.010511994,0.000635922,-0.006103039,0.235440642,-0.004235946,-0.073840804,0.263241798,0.735779524,-0.623965025,0.399229696,-0.826817049,0.537831538,74
18:42:46,-0.005873442,-0.052775741,0.027655721,0.118070334,-0.236353874,-0.207657188,0.247708514,0.733237088,-0.633248687,0.372872066,-0.823070449,0.516013617,74
18:42:46,-0.016001955,-0.001993418,-0.035635114,-0.550800681,-0.144261494,-0.183361173,0.216806278,0.756047606,-0.617565453,0.337624227,-0.857253233,0.501920094,74
18:42:46,-0.0265688,0.055940807,-0.029609442,-0.484262407,-0.12003924,-0.034543995,0.203645751,0.800255239,-0.56402123,0.346494022,-0.927720727,0.526830311,74
18:42:46,-0.004357457,-0.002416909,-0.030737519,-0.418721765,-0.158412188,0.172971904,0.20087415,0.825684428,-0.527157307,0.364065614,-0.971414373,0.570634578,74
18:42:46,-0.036481783,-0.02156359,-0.044486344,-0.397132307,0.119563229,0.255468905,0.218990818,0.848142266,-0.482387543,0.426152783,-1.012468696,0.646148114,74
18:42:46,-0.000294894,-0.03768909,0.012252569,-0.389779061,0.085268907,0.249050945,0.248050317,0.853784859,-0.457736313,0.496608211,-1.023212353,0.714854252,74
18:42:47,-0.009390891,-0.023729265,0.046020448,0.212594971,-0.098286271,-0.115878798,0.255910486,0.84902674,-0.462237418,0.505629177,-1.014140438,0.728078292,74
18:42:47,-0.032796383,-0.099323034,-0.06858021,-0.295758009,0.270825714,-0.129533097,0.231708631,0.820326626,-0.522853196,0.417152851,-0.961981908,0.622434024,74
18:42:47,0.008587182,-0.003152966,-0.029959679,-0.561958551,0.613331139,0.218660831,0.268266708,0.826420724,-0.495037258,0.496612522,-0.972720799,0.652069499,74
18:42:47,-0.005349159,-0.063539088,0.011492908,-0.59230125,0.565512478,0.188098133,0.3203803,0.837063372,-0.443487704,0.625608968,-0.991893358,0.731063606,74
18:42:47,0.0062989,-0.064941287,0.071335614,-0.416995764,0.231432244,-0.05433714,0.342392981,0.846018493,-0.408680379,0.697369383,-1.008472624,0.767787213,74
18:42:47,0.020146072,-0.022475958,0.162823558,0.319377601,-0.277778804,-0.419475943,0.324593812,0.8648628,-0.382950485,0.703106651,-1.04487703,0.769687391,74
18:42:47,0.013268918,0.12781471,0.028877199,1.20896399,-0.672529042,-0.607334793,0.257878184,0.867922664,-0.424510658,0.545895249,-1.051004658,0.644768878,74
18:42:47,-0.071194902,0.11009419,-0.256526291,-0.238978341,-0.164353698,0.020877451,0.196834564,0.871818781,-0.448540002,0.413529506,-1.058903241,0.567330635,74
18:42:47,-0.057434544,0.030186534,-0.062942684,-0.335048974,0.586999416,0.44743517,0.237441123,0.879964709,-0.411441237,0.523408111,-1.075787865,0.657258239,74
18:42:47,0.027789414,0.061843276,0.024056673,-0.77507478,0.421800852,0.52991724,0.302363068,0.886698365,-0.349774867,0.712823738,-1.090154543,0.805853281,74
18:42:48,0.014330029,-0.026696682,0.087612987,-0.042300172,-0.07632079,0.072953969,0.339702129,0.889178514,-0.306535542,0.836675753,-1.095546631,0.924165632,74
18:42:48,0.007288635,0.008184671,0.021535277,-0.06425447,-0.388836086,-0.414198667,0.309710622,0.884021342,-0.350122452,0.724229051,-1.08439624,0.826855777,74
18:42:48,-0.031218439,0.079261601,-0.05482161,-0.059342265,-0.164299369,-0.035559192,0.276593119,0.886659443,-0.370582521,0.641176356,-1.090070294,0.76678543,74
18:42:48,-0.027613759,-0.020478904,-0.021588922,-0.024581894,0.072868161,0.142161265,0.283746094,0.883434415,-0.37286979,0.650490744,-1.083142098,0.781770438,74
18:42:48,0.000233054,0.006841123,0.027076662,-0.058932412,0.069379151,0.059964396,0.292779773,0.882436037,-0.368221074,0.671758001,-1.081015668,0.796309004,74
18:42:48,-0.021237046,0.031796932,-0.022003353,-0.006169597,0.07531108,0.139688522,0.303690881,0.883069634,-0.357715011,0.703898371,-1.082364105,0.827242323,74
18:42:48,0.013208389,-0.034991682,0.057149947,0.159910455,-0.176802382,-0.042598464,0.312992752,0.879104376,-0.359459668,0.716407128,-1.073979846,0.841944326,74
18:42:48,-0.01396668,-0.012702882,0.030238688,0.378781527,-0.372370839,-0.308083922,0.283191502,0.870700777,-0.40209797,0.613595896,-1.056625379,0.758702385,74
18:42:48,-0.036374331,0.184814155,-0.197928071,-0.352575481,-0.148432001,-0.000245145,0.243923336,0.865566611,-0.437374026,0.508735437,-1.046280708,0.677535831,74
18:42:48,-0.010772884,0.051667809,-0.016367376,-0.070201576,0.344615251,0.298706412,0.270094842,0.865335882,-0.422187924,0.569136011,-1.0458202,0.723851145,74
18:42:49,0.017893493,0.047268808,0.039787352,-0.518736243,-0.06287875,0.248132169,0.29921329,0.870970607,-0.389719963,0.65477399,-1.057174344,0.800391744,74
18:42:49,-0.008179516,0.000752211,0.008021653,-0.009716393,-0.528478444,0.022457238,0.298567981,0.872488439,-0.386809021,0.65735435,-1.060272031,0.838724789,74
18:42:49,-0.051071495,0.021897554,-0.132915974,1.432998896,-0.221076906,-0.348472089,0.266890347,0.850488544,-0.453253448,0.532167598,-1.01691345,0.744822502,74
18:42:49,-0.035147399,0.120659113,-0.042241812,0.273009568,0.325230122,0.015126621,0.25475046,0.839678586,-0.479627013,0.488250364,-0.996691123,0.676106452,74
18:42:49,-0.019900858,-0.001265824,0.00238353,0.162489995,0.364225686,0.216844559,0.28552404,0.832177877,-0.475348294,0.540906727,-0.983023806,0.69360533,74
18:42:49,-0.009713829,-0.027630389,0.007558763,0.125643298,0.246952072,0.030682946,0.312705606,0.821845055,-0.476220518,0.581029134,-0.964642052,0.701764464,74
18:42:49,0.01854074,-0.003762364,0.108193994,1.383608699,-0.251658529,-0.324380338,0.302853197,0.786594212,-0.538098097,0.5126337,-0.905273706,0.609531381,74
18:42:49,-0.016327783,0.015342236,-0.002013743,-0.420294613,-0.721286714,-0.159330413,0.245284289,0.795229852,-0.554477215,0.41649101,-0.919386613,0.564242812,74
18:42:49,-0.090389878,0.090641677,-0.122042239,-0.403012305,0.020346629,0.219440877,0.230448782,0.852681458,-0.468857974,0.456833245,-1.021096648,0.660263271,74
18:42:49,-0.034956932,0.08450228,-0.059737265,0.265850455,0.460460871,0.45701164,0.272549719,0.858622491,-0.434147745,0.560596662,-1.032576332,0.750637919,74
18:42:50,0.011215627,-0.119908333,0.08583349,0.342095703,0.19515866,0.129742682,0.323636502,0.826141,-0.461248904,0.611834255,-0.972224155,0.762258956,74
18:42:50,-0.019373894,0.006690383,0.059273839,2.366749048,-0.280462742,-0.396458536,0.296120733,0.771930277,-0.562526643,0.484553215,-0.881872045,0.621000178,74
18:42:50,-0.067372739,-0.045391083,0.005708992,0.470877647,0.640701234,0.281238198,0.313678235,0.764395952,-0.563298285,0.50809471,-0.870103892,0.621419505,74
18:42:50,-0.011143029,-0.022522807,0.040530086,0.236190051,0.732540309,0.349694997,0.381364644,0.745922148,-0.54604131,0.609662885,-0.841918285,0.659914247,74
18:42:50,0.01730755,-0.11313653,0.088124394,0.377460867,0.023120314,-0.232774794,0.415017158,0.737948835,-0.532158077,0.662349008,-0.830025897,0.674844059,74
18:42:50,0.014039844,0.039675653,0.131819069,0.537696362,-0.936909795,-0.472824663,0.347362429,0.732033014,-0.586060524,0.535040036,-0.821301357,0.577108549,74
18:42:50,-0.0735645,0.063596129,-0.276823759,-0.197417587,-0.495159835,0.054968044,0.274093896,0.743696153,-0.609744787,0.422456612,-0.838582332,0.549879346,74
18:42:50,-0.057157457,-0.008615196,-0.000499487,0.488350093,0.694622815,0.357887715,0.312175602,0.732701063,-0.604727626,0.476543286,-0.822282428,0.588859438,74
18:42:50,-0.10936904,0.015372276,0.043701112,0.624827504,0.738977194,0.155648857,0.37972188,0.707081199,-0.596529543,0.566863055,-0.785362,0.609944469,74
18:42:50,-0.041514337,0.005816042,0.062627554,1.35831058,0.253855795,-0.092988662,0.413856655,0.649254858,-0.638115108,0.575363047,-0.706604287,0.545413545,74
18:42:51,0.032124639,-0.044577539,0.109307945,1.952664733,-0.370715678,-0.400515079,0.395240873,0.571505547,-0.719142556,0.502536189,-0.608339386,0.433591046,74
18:42:51,0.020508558,-0.039945841,0.07017529,-0.375371605,-0.899600565,-0.419087946,0.324688822,0.594385207,-0.735719621,0.415613421,-0.636500961,0.388141869,74
18:42:51,0.035556227,0.024181962,-0.121829689,-0.365986913,-0.209357947,-0.00814701,0.266489714,0.652754664,-0.709150672,0.359460633,-0.711214961,0.391225722,74
18:42:51,0.037559688,0.001345217,-0.03454721,-0.02614224,0.207533836,0.189480051,0.274007618,0.667397141,-0.692460001,0.376795514,-0.730708142,0.411467492,74
18:42:51,0.038768888,-0.17190963,0.087442219,0.528172135,0.200035706,0.049158894,0.3023085,0.636534929,-0.709529996,0.402775462,-0.689997056,0.41214041,74
18:42:51,-0.092135519,-0.131763995,0.12121135,0.965990484,-0.23885192,-0.495593905,0.28988719,0.581542909,-0.760113955,0.364346521,-0.620623969,0.341419359,74
18:42:51,-0.092900589,0.159294546,0.07697022,-1.184265018,-0.132346779,-0.328354329,0.242312819,0.604098022,-0.759177268,0.308957275,-0.648633505,0.291786731,74
18:42:51,0.021163344,-0.013758361,-0.055066466,-1.094056726,0.301886678,-0.052123789,0.232618973,0.678593576,-0.696705997,0.322246048,-0.745846195,0.306780274,74
18:42:51,0.062654585,-0.000640213,-0.064795613,-0.003946124,0.523499489,0.234845132,0.270823985,0.714913428,-0.644634187,0.397730339,-0.796500243,0.34107449,74
18:42:51,-0.048199117,-0.086564362,0.095573962,-0.403652519,-0.02605043,0.171765506,0.304116964,0.733408868,-0.607967377,0.463822976,-0.823323081,0.393422044,74
18:42:52,-0.012393773,-0.141896069,-0.161931157,0.603013337,-0.319673538,-0.392007589,0.280076355,0.752393961,-0.596205175,0.439168451,-0.851688856,0.404463739,74
18:42:52,-0.008488625,0.221560538,-0.122955441,-0.0587609,0.443203628,-0.058602192,0.253908783,0.736685097,-0.62675786,0.384907782,-0.828155159,0.320613019,74
18:42:52,-0.064723611,0.092241764,0.034971952,1.948117375,0.503879726,0.242315829,0.297188699,0.690650344,-0.659303486,0.4234871,-0.762387903,0.304517283,74
18:42:52,0.019634932,-0.04182297,0.138767004,2.600880384,0.207709059,-0.063485369,0.330765128,0.548623741,-0.767858326,0.406742032,-0.580717273,0.215924998,74
18:42:52,0.008748084,-0.256790817,0.181216478,1.160653472,-0.43917647,-0.270791411,0.316047758,0.409039527,-0.856037676,0.353674679,-0.421401247,0.122755311,74
18:42:52,0.04506442,-0.000417829,-0.073415339,-2.036297083,-0.448887706,0.099376254,0.265846372,0.465562761,-0.844142735,0.305097681,-0.484270394,0.128770624,74
18:42:52,-0.021321058,-0.024658501,-0.185198307,-0.93958354,0.042438351,0.316317886,0.258287907,0.568736434,-0.78091377,0.319424544,-0.604968822,0.197283452,74
18:42:52,-0.05419898,0.006525934,-0.022990823,-0.60255152,0.08633896,0.397602886,0.286908299,0.623488843,-0.72728622,0.375748746,-0.673197206,0.273961794,74
18:42:52,-0.055037677,-0.126388609,0.062985659,-1.131357789,-0.221660405,0.149894282,0.299770892,0.655084968,-0.69354248,0.407979805,-0.714295052,0.339696292,74
18:42:52,-0.019560158,-0.087852776,-0.110343099,0.672342837,-0.225375518,-0.428871602,0.271541536,0.65541327,-0.704768598,0.36776291,-0.714729656,0.32445759,77
18:42:53,0.031301588,0.100406945,-0.089625895,0.05417417,0.389226109,0.002092312,0.265464306,0.652334034,-0.709921896,0.357836243,-0.710659865,0.28966566,77
18:42:53,-0.009236336,-0.052412033,0.052056432,0.118438646,0.226215646,0.01838633,0.292879462,0.642479122,-0.708125889,0.392173569,-0.697729084,0.290397767,77
18:42:53,-0.014507681,-0.106443882,0.14093256,0.57425487,-0.05771967,-0.305789351,0.294366598,0.612023294,-0.734013498,0.381400052,-0.65861649,0.253001436,77
18:42:53,-0.017730832,0.113090277,-0.029355645,-1.050242782,-0.467201978,-0.167577416,0.252302051,0.631594241,-0.733097792,0.331461607,-0.683607779,0.22284799,77
18:42:53,-0.014299214,-0.007898033,-0.083992302,-1.033806682,-0.098207183,0.288662046,0.240493432,0.706485093,-0.66561383,0.346715458,-0.78451932,0.286370265,77
18:42:53,-0.055047005,-0.093230844,0.028503418,-0.86873734,-0.018751239,0.321438879,0.259802401,0.755394638,-0.601566017,0.407680904,-0.856256121,0.372761957,77
18:42:53,-0.030878484,-0.100320458,0.043352127,-0.580490649,-0.06880828,0.109176949,0.274864078,0.789736092,-0.548422098,0.464599776,-0.910378626,0.449861148,77
18:42:53,0.022291064,-0.133402705,-0.00075841,0.296114355,-0.275769711,-0.251081109,0.261382639,0.795107901,-0.547249973,0.445591474,-0.919185489,0.44568592,77
18:42:53,0.013848215,0.083012581,-0.157142997,0.090252817,0.089183755,-0.091751896,0.232502878,0.790881813,-0.566081703,0.38971618,-0.912248553,0.393666971,77
18:42:53,0.07175523,0.047794104,-0.03221488,0.509290576,0.010873233,0.398329407,0.253468275,0.770970225,-0.584259212,0.409324627,-0.880363199,0.403574599,77
18:42:54,0.062137932,-0.000140965,-0.025733232,0.682683945,-0.175858289,0.571307302,0.283654064,0.726467609,-0.625927448,0.425490285,-0.81316762,0.439574258,77
18:42:54,0.013274252,-0.103898168,0.047963858,0.129376784,-0.215358302,0.28876856,0.303998709,0.681634903,-0.665551424,0.428463102,-0.749994711,0.469114844,77
18:42:54,-0.064087063,-0.068444967,0.110173106,-0.336124867,-0.433824867,-0.00070667,0.291882455,0.685518503,-0.666985035,0.412506706,-0.755315647,0.494350992,77
18:42:54,-0.147478044,-0.011322916,0.105032921,-0.657413661,-0.310922384,-0.122825123,0.258574516,0.715874553,-0.64858526,0.379363315,-0.797875835,0.505785202,77
18:42:54,-0.152599931,-0.055994391,0.041839778,-1.085345268,-0.063218571,-0.130718201,0.239236847,0.763490736,-0.599873126,0.379482161,-0.868701088,0.531893556,77
18:42:54,-0.009170234,0.148093283,-0.147196174,-0.577699661,-0.137285069,0.074585155,0.217587635,0.824996412,-0.521571338,0.395226022,-0.970195845,0.55916765,77
18:42:54,0.031281814,0.059601545,0.028083324,-1.123151064,-0.319778442,-0.442946136,0.187740698,0.863713205,-0.467710346,0.381715947,-1.042591503,0.56387823,77
18:42:54,0.001281768,0.053437889,0.005220532,-0.709834814,-0.344202578,0.027130021,0.157468796,0.899050772,-0.408547789,0.367887995,-1.117596759,0.588409965,77
18:42:54,-0.041574731,0.04287678,0.028633296,-0.821373045,0.122279391,0.201608345,0.163200647,0.927830815,-0.335403681,0.452853902,-1.188554635,0.694633486,77
18:42:54,0.037013113,-0.077933311,0.092164755,-0.921389937,-0.015355974,-0.105587013,0.177752256,0.958506882,-0.222865298,0.673261827,-1.281717445,0.91125316,77
18:42:55,-0.053274333,0.079312325,-0.099045873,-0.526190937,0.147095248,0.037176263,0.16304408,0.974463046,-0.154397577,0.812629505,-1.344317158,1.063699933,77
18:42:55,-0.029430971,-0.04321003,0.049670517,-0.082251579,-0.004573368,-0.200969458,0.166910544,0.979751587,-0.11057964,0.985678022,-1.369217063,1.221064013,77
18:42:55,-0.043948695,0.150368631,-0.113408685,-0.396262527,0.071977071,0.097692072,0.147386149,0.984079123,-0.099325582,0.97779312,-1.392116227,1.220833622,77
18:42:55,-0.022761986,-0.047679245,0.039352477,-0.299418271,0.099038512,0.01041176,0.158074826,0.984616756,-0.074444756,1.130660624,-1.395166868,1.359821722,77
18:42:55,-0.014838934,0.01728189,0.030346036,-0.043957721,-0.05650261,-0.066016696,0.151876166,0.987206757,-0.048546657,1.261414261,-1.410667598,1.491802236,77
18:42:55,-0.031818494,0.007867396,0.029491425,-0.321480691,-0.008830963,0.079627588,0.153016984,0.987724662,-0.031396613,1.36842131,-1.41394917,1.603944544,77
18:42:55,-0.019574329,0.017921388,-0.003791749,0.043306343,-0.06526015,-0.003523762,0.157511577,0.987512112,-0.003180281,1.550608292,-1.412594098,1.792290824,77
18:42:55,-0.03922002,0.031965852,0.031359315,-0.233524725,-0.016036676,0.09969157,0.157641307,0.987490773,0.003355788,1.592080602,-1.412458647,1.840117622,77
18:42:55,-0.018180698,0.04806757,0.024621367,-0.259613335,-0.012030482,0.374707937,0.180165648,0.983138978,0.031273231,1.742664275,-1.386901787,1.992137246,77
18:42:55,-0.015160114,0.00446856,0.024864674,-0.221885115,-0.058564164,0.474477708,0.224187374,0.972829103,0.057824317,1.823223092,-1.337151905,2.076848152,77
18:42:56,0.004966795,0.023765028,0.034808397,-0.234376654,-0.159068942,0.472354352,0.268207759,0.960383773,0.07568156,1.845820866,-1.28837607,2.109959027,77
18:42:56,-0.024650544,0.000713408,0.042287827,-0.30133149,-0.238686264,0.427106977,0.312930495,0.945150614,0.093622275,1.861499856,-1.23805541,2.145439079,77
18:42:56,-0.038607121,0.006383717,-0.011837602,-0.193636686,-0.250616431,0.26070711,0.34736383,0.931820333,0.105114259,1.864641907,-1.199396848,2.174665958,77
18:42:56,-0.028264314,0.022636414,-0.008947849,-0.465103626,-0.152120754,0.165923327,0.368774056,0.920923173,0.126118943,1.90032215,-1.170442627,2.234807088,77
18:42:56,-0.043180436,0.003196478,0.00684166,-0.599333346,-0.116507091,0.136586487,0.386268586,0.907358289,0.165824831,1.976302863,-1.13695632,2.33492226,77
18:42:56,-0.042736739,-0.007287681,-0.043187499,-0.393217713,0.09655086,0.060399026,0.395285219,0.895351231,0.20517233,2.049566595,-1.10921922,2.422266817,77
18:42:56,0.007129163,0.028493285,0.016079307,0.007891628,0.063535914,-0.073527612,0.390417248,0.891674161,0.22911039,2.101479204,-1.101030171,2.46708582,77
18:42:56,-0.037233531,0.008698523,-0.012868404,0.172313333,0.209261417,-0.067957081,0.381496608,0.896317303,0.225999951,2.105611504,-1.111393136,2.458265874,77
18:42:56,-0.030733854,-0.030810952,0.021321177,0.131235138,0.38588652,-0.161676377,0.365033031,0.905842662,0.21494247,2.102962266,-1.133364791,2.422060066,77
18:42:56,0.001912534,0.026160359,0.021318436,0.218160719,0.329433352,-0.171040595,0.341130286,0.915018082,0.215341941,2.13388463,-1.155552777,2.416208294,77
18:42:57,-0.006766856,-0.017147839,0.069243312,0.890228093,0.191957265,-0.259884149,0.317309082,0.93080008,0.181456611,2.090268159,-1.19659565,2.342376055,77
18:42:57,-0.002207756,-0.144641876,0.142066717,0.302389026,-0.311579376,-0.604961157,0.275412381,0.952352047,0.131049171,2.014920756,-1.260856805,2.264036704,77
18:42:57,0.008482575,0.025060296,-0.025204659,0.294540167,-0.148881271,-0.543988585,0.215940535,0.972926617,0.082363509,1.935181416,-1.337573562,2.212345733,77
18:42:57,-0.045486927,0.087237775,0.055864215,0.367033273,0.33771953,-0.044505551,0.189908415,0.981030047,0.038922418,1.772950412,-1.375705366,2.03184786,77
18:42:57,0.02322346,0.099531114,0.013797879,0.34452343,0.231498033,0.397538424,0.203183278,0.978853166,0.023738008,1.687099598,-1.364777994,1.913069531,77
18:42:57,-0.030356944,0.026027262,-0.026332319,0.381423384,0.174422488,0.717592061,0.258898884,0.965900421,-0.00276711,1.560108741,-1.308898782,1.761987921,77
18:42:57,-0.12724638,-0.218813062,-0.045305848,0.124582827,0.229492918,0.277370483,0.314878613,0.94830513,-0.0396096,1.445660371,-1.247852116,1.6184143,77
18:42:57,-0.050805897,0.061364055,-0.063189566,-0.010852499,0.264849842,-0.268767416,0.313267201,0.948981047,-0.036038872,1.456257883,-1.249988667,1.602785663,77
18:42:57,0.038035393,0.02106446,0.042495906,0.704447031,0.117033228,-0.039605599,0.298446506,0.953285038,-0.046662048,1.415702181,-1.263930678,1.538148851,77
18:42:57,-0.034470916,0.0588727,0.032242596,0.782559633,0.06177716,-0.031976707,0.290798753,0.951351047,-0.101821534,1.233992919,-1.257591512,1.337917411,77
18:42:58,-0.047095805,0.030132651,0.035610378,0.686640859,0.032336712,-0.011273561,0.290560395,0.944965184,-0.15038532,1.093191783,-1.237488122,1.184253252,77
18:42:58,0.00857237,0.047326267,-0.067196071,0.58091259,-0.120560162,-0.095849425,0.284544438,0.941535115,-0.180406049,1.005739036,-1.227158041,1.09846663,77
18:42:58,-0.050242066,0.058754444,-0.055754006,0.481666893,0.010253781,0.10310974,0.282567799,0.935477853,-0.212218434,0.926632842,-1.209608868,1.023007817,77
18:42:58,0.020785511,-0.013072789,-0.024872541,0.242589623,0.174649119,0.064553559,0.290229738,0.928035975,-0.233486235,0.893325015,-1.189105068,0.971350522,77
18:42:58,0.002894223,0.028921366,0.023575664,0.358222723,0.188172638,0.032719996,0.295502007,0.922632754,-0.247845918,0.872882535,-1.174851901,0.930333415,77
18:42:58,-0.063750654,0.009150326,-0.001558781,0.731771827,0.133985043,0.020985309,0.304147959,0.911657035,-0.276361287,0.833227675,-1.147298402,0.868114516,77
18:42:58,-0.02071476,-0.07216996,0.001603842,0.221814573,-0.043376163,0.021371733,0.304065377,0.886974394,-0.347592562,0.718702714,-1.090751856,0.738917329,77
18:42:58,0.015516102,-0.053225398,0.035954535,0.213164091,0.10374698,-0.032828387,0.306591809,0.874438763,-0.375976563,0.684093669,-1.064277772,0.692337506,77
18:42:58,-0.006139398,-0.032472014,0.00043714,0.213210166,0.005839325,-0.051962402,0.308914393,0.869005382,-0.386525303,0.674258298,-1.053188636,0.674349975,77
18:42:58,-0.01648134,-0.117824018,0.061872482,0.125276044,-0.361292601,-0.219803602,0.290814251,0.85334444,-0.432701021,0.591748185,-1.02236704,0.594091816,77
18:42:59,-0.016189516,-0.06014359,0.027279139,-0.81098032,-0.641256332,-0.230767041,0.24108474,0.86577785,-0.43852821,0.502657989,-1.04670264,0.556408594,77
18:42:59,-0.051689208,0.061878443,-0.142258763,-1.893993378,-0.39699921,-0.075053342,0.209278494,0.92751646,-0.309702843,0.594257632,-1.187712722,0.720881652,77
18:42:59,-0.061101839,0.077040851,-0.10970217,-0.059781693,0.131609231,0.30741173,0.222001955,0.938049257,-0.266042858,0.695402425,-1.216956948,0.841052036,77
18:42:59,-0.028022259,-0.04850775,0.016452074,-0.089762762,0.324868172,0.378477395,0.264452606,0.922713518,-0.2804721,0.756008958,-1.1750614,0.875885792,77
18:42:59,0.003147632,-0.037215352,0.036497355,0.040651973,-0.08393956,0.180259109,0.295003891,0.914854288,-0.275706857,0.81919758,-1.155146895,0.930212978,77
18:42:59,-0.035405755,0.071855247,-0.086957991,2.064706087,-0.095331766,-0.307503641,0.285187215,0.897489488,-0.336423904,0.703158408,-1.114043827,0.820833071,77
18:42:59,-0.035368174,0.034801066,-0.021651328,0.349303007,0.372991204,-0.001665409,0.276620001,0.860645831,-0.42751646,0.574291165,-1.036536607,0.659181953,77
18:42:59,0.003570497,-0.021374464,0.074334919,-0.241415128,0.152608529,0.250289083,0.303263098,0.859203994,-0.412068188,0.634450683,-1.033711792,0.689433766,77
18:42:59,-0.025452018,-0.054270089,-0.002774,-0.516674101,-0.427766711,0.123534329,0.319727242,0.876016259,-0.361068159,0.724748195,-1.067539024,0.805601744,77
18:42:59,-0.05524233,-0.039853334,-0.110412836,0.934244812,-0.462044269,-0.370560884,0.289596885,0.875683665,-0.386408955,0.643153502,-1.066849765,0.774046789,77
18:43:00,-0.07934925,0.094603837,-0.102572799,-0.310198992,0.618789852,0.006974951,0.271345735,0.871048331,-0.409446448,0.585260887,-1.057332475,0.696150295,77
18:43:00,0.050905079,-0.021099031,0.072817445,-0.480451167,0.430898756,0.13907519,0.307243735,0.873103738,-0.37853837,0.681809243,-1.061532617,0.734818491,77
18:43:00,-0.015519887,-0.014342487,0.067799449,0.332172483,-0.488633484,-0.322363794,0.300045311,0.872649372,-0.385299832,0.661637447,-1.060601521,0.716739314,77
18:43:00,-0.053768367,-0.010908902,-0.047840893,-0.248221651,-0.443204254,-0.150094286,0.249015361,0.874006689,-0.417257369,0.538056457,-1.063387859,0.636620679,77
18:43:00,-0.034269959,0.126741767,-0.106675982,-0.323421329,0.094654679,0.405025125,0.248590291,0.890774071,-0.380426556,0.578797749,-1.099045685,0.707460106,77
18:43:00,-0.03298986,0.009408057,-0.014225245,-0.512073219,0.301854193,0.447734773,0.295176059,0.890645325,-0.345864058,0.706490855,-1.098762421,0.823381534,77
18:43:00,-0.022605956,0.022948682,-0.022586823,1.111418962,-0.087588362,-0.188511461,0.304750204,0.874342322,-0.3776941,0.678916237,-1.064079017,0.786692082,77
18:43:00,-0.052064925,-0.117313921,0.013870716,-0.838699043,0.659115136,0.050820172,0.302119821,0.823733389,-0.479777873,0.561977475,-0.967964632,0.616297582,77
18:43:00,0.000868261,-0.011884749,0.024551749,-0.318782359,0.507890999,0.240793049,0.346735328,0.805615783,-0.480372608,0.625210752,-0.936714097,0.619363999,77
18:43:00,-0.026457816,9.89E-05,-0.006972432,1.135889053,0.220376655,0.121873841,0.378989279,0.77230078,-0.509822071,0.639247972,-0.882455041,0.592568412,77
18:43:01,0.001854539,-0.077077866,0.055152655,1.264440298,-0.296287775,-0.050765045,0.381789535,0.684608042,-0.620925605,0.551282798,-0.754065848,0.469477529,77
18:43:01,-0.032714665,-0.099059761,0.000925839,-2.270677567,-0.705060124,-0.250827551,0.333687454,0.713012993,-0.616656423,0.496002934,-0.793786123,0.473213268,77
18:43:01,-0.004419029,-0.014807701,-0.017881155,-2.345662832,-0.24803023,-0.324676752,0.288348734,0.834523439,-0.469495267,0.550771728,-0.987267281,0.596045261,77
18:43:01,-0.030130953,0.031545281,-0.002937317,-1.134136796,-0.244233355,-0.172290415,0.260640115,0.905615687,-0.334555,0.661844749,-1.132829164,0.751603003,77
18:43:01,-0.037124366,0.055734098,-0.082258999,-0.778846622,-0.086358778,-0.239970386,0.233378172,0.945940435,-0.225236624,0.803148772,-1.240481935,0.931090026,77
18:43:01,-0.023249447,0.01605612,0.001610935,-0.679626584,0.146322399,-0.108671486,0.218725219,0.965902984,-0.138530865,1.006210957,-1.308908597,1.133451117,77
18:43:01,-0.023509279,-0.01540947,0.011116207,-0.342661351,0.176453412,-0.032264061,0.219015539,0.972160935,-0.083279051,1.207437285,-1.334283218,1.323975131,77
18:43:01,-0.10515593,-0.279313475,0.106283963,0.812155366,-0.226685002,0.33538717,0.143012986,-0.259932131,-0.95497781,0.148650616,0.262951908,-0.038906561,77
18:43:01,-0.10975714,-0.213731259,0.167631686,0.728825569,-0.140737861,0.358299971,0.117035434,-0.339063734,-0.933455169,0.124727898,0.345921506,-0.014733316,77
18:43:01,-0.046798453,-0.043934464,0.090339422,0.397506773,-0.042354032,0.248086363,0.018554397,-0.567331433,-0.823280513,0.022533336,0.60326163,0.051162226,77
18:43:02,-0.030992998,-0.014459193,0.078704596,0.139799863,0.056056961,0.130287558,-0.011670557,-0.617986083,-0.786102414,-0.014845012,0.666178521,0.089105867,77
18:43:02,-0.0692617,-0.030888617,0.070761919,-0.026604827,0.047558278,0.11638613,-0.024030507,-0.641336441,-0.766883433,-0.031325029,0.696238825,0.110725026,77
18:43:02,-0.047829576,-0.0317626,0.021463752,-0.115596488,0.028423997,0.002733069,-0.033820149,-0.648625731,-0.760355771,-0.044450077,0.705777409,0.120633838,77
18:43:02,0.002262674,0.012456179,-0.004470587,-0.010851432,0.00990118,-0.049866762,-0.039097305,-0.654498816,-0.755051494,-0.051734775,0.713519568,0.124170713,77
18:43:02,0.007079896,0.02164948,-0.005730033,0.021405574,0.046506595,0.013297296,-0.03459141,-0.655833721,-0.754112482,-0.045838231,0.715286523,0.120019017,77
18:43:02,0.004927915,0.001512408,0.01812607,0.033817235,0.044014141,-7.26E-05,-0.031600174,-0.655379832,-0.754638135,-0.041850153,0.714685397,0.12108247,77
18:43:02,0.000302037,0.026533186,0.016092837,-0.057248756,0.067625731,-0.046728756,-0.025524719,-0.655894697,-0.754420757,-0.033820631,0.715367255,0.117230104,77
18:43:02,-0.016566576,0.003157556,0.043951273,-0.208559185,0.133760273,-0.078077629,-0.014683365,-0.646313071,-0.762931108,-0.019243616,0.702742807,0.109070951,77
18:43:02,-0.030181274,-0.008687437,0.045947313,-0.289816201,0.110942848,-0.220827579,0.000487669,-0.630012691,-0.776584685,0.000627966,0.681569561,0.092897303,77
18:43:02,-0.07059899,0.003925622,0.067218661,-0.534783065,0.170279935,-0.468530595,0.028560925,-0.601503432,-0.798359573,0.035759264,0.645381727,0.051398239,77
18:43:03,-0.073105276,0.103254259,0.123026729,-0.764025867,0.054284088,-0.647814631,0.068985134,-0.547511816,-0.833949566,0.082533085,0.579387881,-0.009268192,77
18:43:03,-0.025183879,0.152016908,0.128578424,-1.213163733,-0.190129116,-0.710142732,0.095846988,-0.455405802,-0.885109603,0.10786795,0.472827959,-0.076745165,77
18:43:03,0.069979772,0.053877532,-0.013858318,-1.031665206,-0.4282538,-0.600620449,0.09402135,-0.3397955,-0.935787916,0.100136879,0.346699464,-0.134087444,77
18:43:03,0.073995218,0.045833617,-0.118771434,-0.580611825,-0.500325561,-0.208629504,0.060938019,-0.258341789,-0.964129686,0.063121243,0.261305318,-0.17214859,77
18:43:03,-0.059764467,-0.020833403,-0.00257504,-0.215631202,0.317384958,-0.067738436,0.029338343,-0.24765943,-0.968402863,0.030286334,0.250263674,-0.18034621,77
18:43:03,0.005357855,-0.041095585,-0.005096197,0.181689784,-0.510466099,0.263837099,0.006025183,-0.247905105,-0.968765557,0.006219363,0.250517256,-0.16542408,77
18:43:03,-0.004787877,0.026139349,0.005583107,-0.002318932,-0.435515702,0.122566789,-0.04002706,-0.254028559,-0.966368139,-0.041396435,0.256843185,-0.150034646,77
18:43:03,-0.017319262,0.014550745,0.01476568,-0.029741233,-0.134554535,-0.126225978,-0.063430034,-0.254784256,-0.964915335,-0.065641928,0.25762459,-0.150221094,77
18:43:03,-0.000167914,-0.004010439,0.029374182,-0.190130115,-0.139227852,-0.217577726,-0.072799347,-0.245073155,-0.96676749,-0.075159968,0.247595142,-0.169358616,77
18:43:03,0.000269532,0.030006811,0.005529702,-0.040333427,-0.106320769,-0.151323348,-0.079019837,-0.235404477,-0.968679845,-0.081394548,0.237634719,-0.187805658,77
18:43:04,-0.008311369,0.033191055,0.005914629,0.028617412,-0.090565242,-0.08851482,-0.086659022,-0.232241124,-0.968790114,-0.089213332,0.234381167,-0.200855514,77
18:43:04,-0.007068075,0.004726678,0.037307501,-0.278214455,0.137385905,-0.091029376,-0.084652208,-0.227885649,-0.970001101,-0.087049671,0.229905646,-0.212157607,77
18:43:04,0.004350372,-0.00041914,0.018467307,-0.204609707,0.072277471,-0.025400832,-0.073808111,-0.208900183,-0.975147724,-0.075545117,0.210450195,-0.220541033,77
18:43:04,-0.017322391,0.043286279,0.016057968,-0.081132784,0.107680202,-0.003777029,-0.067912959,-0.186962381,-0.980016768,-0.069187143,0.188069084,-0.222620187,77
18:43:04,0.002252623,0.004549235,0.020788848,-0.087401599,0.106381647,0.004728309,-0.057474006,-0.182481408,-0.981528044,-0.058488855,0.183509652,-0.223452528,77
18:43:04,0.004448324,0.018299967,0.022941232,-0.225078508,0.079401694,0.034100313,-0.048897017,-0.166340172,-0.984855354,-0.049608197,0.167116968,-0.222240003,77
18:43:04,0.003200684,0.03800939,0.012636721,-0.092727654,0.092912443,0.03364731,-0.040248882,-0.146300495,-0.988421082,-0.040697897,0.146827486,-0.220020528,77
18:43:04,-1.08E-05,0.02183643,0.016800165,-0.071956605,0.104964845,0.034949061,-0.031147541,-0.136994019,-0.990082026,-0.031449183,0.137426184,-0.2146636,77
18:43:04,0.000787791,0.038502611,0.013469458,-0.167263672,0.110072784,0.023249263,-0.021631205,-0.12178459,-0.992320836,-0.021795148,0.122087656,-0.211344729,77
18:43:04,0.001794823,0.009921946,0.011184454,-0.190565005,0.084308296,0.019481689,-0.013254126,-0.105426326,-0.99433881,-0.013328798,0.105622607,-0.209446658,77
18:43:05,0.007528482,0.039023727,0.013590515,-0.111112252,0.154097229,0.044024847,-0.001394444,-0.091391549,-0.995814085,-0.001400305,0.091519252,-0.207575498,77
18:43:05,-0.000351928,0.032304689,0.01575768,-0.165011168,0.101413518,0.034068089,0.011872267,-0.077806108,-0.996897817,0.011908649,0.077884824,-0.202003892,77
18:43:05,-0.00662229,0.060976017,0.010250747,-0.136982739,0.076940402,0.04095529,0.018615622,-0.059938177,-0.998028517,0.018650233,0.059974126,-0.197359338,77
18:43:05,-0.010899395,0.055521648,0.011101425,-0.035288598,0.071922734,0.03566492,0.02386927,-0.052027173,-0.998360395,0.023903917,0.052050675,-0.19138298,77
18:43:05,0.016009424,-0.013159204,0.030933738,-0.153005108,0.0941367,-0.037444178,0.031796217,-0.046059947,-0.998432517,0.031835377,0.046076247,-0.188873941,77
18:43:05,0.024371251,0.014258519,0.031218946,-0.114898741,-0.016029486,-0.065327741,0.036144961,-0.031821258,-0.998839796,0.036171163,0.03182663,-0.193384425,77
18:43:05,0.00527646,0.042468652,0.020265818,-0.150141671,-0.007565962,0.002680604,0.037066523,-0.015445271,-0.99919343,0.03707944,0.015445885,-0.195181537,77
18:43:05,0.010917665,0.026541729,0.027434707,-0.254114419,-0.140908301,-0.028474918,0.030387746,0.004860838,-0.999526381,0.030392785,-0.004860857,-0.195056399,77
18:43:05,0.006707367,-0.014921397,0.022982359,-0.413707286,-0.178765133,-0.097138405,0.014502288,0.033567496,-0.999331236,0.014510975,-0.033573802,-0.200109887,77
18:43:05,0.016581954,0.090976492,0.033196092,-0.232569173,-0.18718791,-0.173049688,-0.004558009,0.078990839,-0.996864915,-0.004572312,-0.079073215,-0.217046556,77
18:43:06,0.004104763,0.101548001,0.015297711,0.376297861,-0.274061322,-0.459616184,-0.025863698,0.079695582,-0.996483684,-0.025949139,-0.07978019,-0.249864972,77
18:43:06,0.007445402,-0.001749329,0.030006349,0.300970644,-0.185154855,-0.232058406,-0.049208518,0.041345727,-0.997932374,-0.049270565,-0.041357515,-0.284459286,77
18:43:06,-0.00114955,0.037030641,0.024763703,0.26637432,-0.112859093,-0.106619522,-0.062723517,0.020678025,-0.997816682,-0.062778157,-0.020679498,-0.29947933,77
18:43:06,-0.014163613,0.02988084,0.023850739,0.058785968,-0.018795179,0.03559887,-0.072750203,0.002803477,-0.997346282,-0.072814817,-0.002803481,-0.300172063,77
18:43:06,-0.009030089,0.002477461,0.02342236,0.256974667,0.072950453,0.068339773,-0.069460891,-0.015310052,-0.99746716,-0.069525032,0.01531065,-0.292964531,77
18:43:06,0.001496069,0.024120688,0.017932534,0.289629012,0.119292386,0.102588288,-0.058807898,-0.038372278,-0.997531533,-0.058885264,0.0383817,-0.284625257,77
18:43:06,-0.002212927,0.077721924,0.006000221,0.441687793,0.121671386,0.17938827,-0.046203066,-0.068429105,-0.996585548,-0.046328192,0.068482622,-0.27276374,77
18:43:06,-0.032116257,-0.180361032,0.050481737,0.035832182,-0.085320413,0.260149151,-0.050570991,-0.118680403,-0.991643846,-0.05095299,0.118960787,-0.243379994,77
18:43:06,-0.129825056,0.109097451,-0.116686821,1.177180648,-0.369696736,-0.130968273,-0.06161157,-0.182903767,-0.98119837,-0.062709832,0.18393924,-0.239710929,77
18:43:06,0.205027223,0.138774455,-0.313971102,0.949124098,1.0679878,0.31730032,0.001546262,-0.208857536,-0.977944851,0.001581133,0.210406584,-0.234091703,77
18:43:07,0.27438271,0.323170424,-0.101453841,1.611201048,1.27012074,1.24011147,0.094757654,-0.337085456,-0.936693311,0.100818894,0.343819453,-0.161246592,77
18:43:07,0.156339824,0.330293179,0.161905646,1.715658784,1.050753951,1.951585054,0.136155471,-0.518020451,-0.844462276,0.159857572,0.544535038,-0.003055855,77
18:43:07,0.016488679,0.225261807,0.373086393,1.337985754,-0.01100437,1.791509986,0.069662265,-0.658808053,-0.74907887,0.092730523,0.719233283,0.209926249,77
18:43:07,-0.145758599,0.096116424,0.243761361,1.252565145,-0.739712059,1.21819973,-0.068154193,-0.751403153,-0.656314135,-0.10347299,0.850186044,0.431087422,77
18:43:07,-0.1429037,-0.076875627,0.151570916,0.753183663,-0.992877543,0.462575763,-0.182108,-0.797999978,-0.574484706,-0.306973447,0.923969226,0.58431633,77
18:43:07,-0.16872251,-0.025245786,0.038946688,0.452199817,-0.759272754,0.140518367,-0.25081718,-0.824620664,-0.507041991,-0.459372509,0.969531263,0.663533241,77
18:43:07,-0.11977756,-0.094141006,0.016219258,-0.046582799,-0.323669076,-0.015366307,-0.285983413,-0.834613562,-0.470779926,-0.54589209,0.987430862,0.700819613,77
18:43:07,-0.041972578,-0.002586901,0.085987926,-0.047288276,-0.339748144,-0.06022539,-0.291156679,-0.824376702,-0.48541835,-0.540276582,0.969100179,0.665004681,77
18:43:07,-0.021168709,-0.115597308,0.110006869,-0.019566096,-0.509768665,-0.141927704,-0.309732676,-0.834992707,-0.454810947,-0.597869763,0.988119536,0.675295335,77
18:43:07,0.015144169,0.026046455,0.004846215,0.047510412,-0.548697174,-0.210424751,-0.316077054,-0.839596748,-0.441783369,-0.62102472,0.996540418,0.640169324,77
18:43:08,0.007674664,0.057272673,0.057498097,0.275644511,-0.508843958,-0.058430955,-0.325025946,-0.853031099,-0.408284277,-0.672344651,1.021766328,0.6376888,77
18:43:08,0.00425446,-0.219491541,-0.156853735,0.526847959,-0.240111321,-0.363056362,-0.333034575,-0.867129982,-0.370369822,-0.732369958,1.04941092,0.663050822,77
18:43:08,-0.027469933,0.075060844,-0.120740354,0.414436728,-0.041176923,0.08353737,-0.332605779,-0.871886909,-0.359425485,-0.746662525,1.059042385,0.680164857,77
18:43:08,0.012306899,-0.028162062,0.058446169,0.136652008,-0.006501496,-0.011805926,-0.337455213,-0.882021546,-0.328880131,-0.798266487,1.080135292,0.740985363,77
18:43:08,-0.004095018,-0.011188924,0.019122541,-0.149107307,0.055857219,0.021531524,-0.336952955,-0.880256891,-0.33408159,-0.789677131,1.076403319,0.733014314,77
18:43:08,-0.017300487,0.012861967,0.010561407,0.007554207,0.009492118,0.02759501,-0.33792308,-0.87733072,-0.340733021,-0.78125771,1.070271226,0.728000094,77
18:43:08,0.005750418,-0.005617142,0.015431821,0.110302687,0.014189402,0.034518693,-0.339932263,-0.880916178,-0.329291582,-0.80129687,1.077794544,0.752593853,77
18:43:08,0.034747928,0.005955696,0.004557431,0.025065554,0.047437634,0.007337941,-0.340380281,-0.881150901,-0.328198731,-0.803616202,1.078290795,0.759055293,77
18:43:08,0.023102701,-0.009284496,0.027138293,0.04949047,0.051201481,0.015707191,-0.339705855,-0.882175982,-0.326137125,-0.80577362,1.080463074,0.768495419,77
18:43:08,0.004880697,-0.000313461,0.01904273,-0.043801125,0.035081632,0.022064688,-0.339137971,-0.883318365,-0.323626965,-0.808797339,1.082894477,0.777164351,77
18:43:09,-0.005794257,0.003826201,0.021297991,-0.136706293,0.094008073,0.021794911,-0.338747203,-0.880591035,-0.331375808,-0.796397776,1.077107972,0.77076967,77
18:43:09,0.004707068,0.013153791,0.012536824,-0.086548321,0.108836547,0.032567397,-0.338323444,-0.877101779,-0.34092471,-0.781568552,1.069794416,0.766653393,77
18:43:09,-0.002902448,0.063336849,-0.016668618,-0.115715787,0.085332818,0.095435575,-0.339289546,-0.869317234,-0.359402537,-0.756619479,1.053819195,0.754039526,77
18:43:09,-0.006917924,0.031002939,0.008509696,0.022792812,0.124388345,0.092845649,-0.345695853,-0.864510357,-0.364851058,-0.758446285,1.044175384,0.768936649,77
18:43:09,-0.018601596,0.004133642,-0.004215658,-0.057111342,0.187085018,0.040513735,-0.344617307,-0.861094534,-0.373838454,-0.744748397,1.037418503,0.770888688,77
18:43:09,0.014507055,-0.000592589,0.008446097,-0.15242134,0.174816102,0.020250009,-0.339884341,-0.856307626,-0.388864964,-0.718287193,1.028077391,0.760310786,77
18:43:09,0.017641753,0.002531111,-0.001150846,-0.119379506,0.150239915,0.01626166,-0.334977686,-0.850993216,-0.40447551,-0.691688,1.017873651,0.749309435,77
18:43:09,0.008685708,0.009635925,-0.005716443,-0.01886302,0.092858911,0.005523529,-0.330828398,-0.847280145,-0.415534496,-0.672389849,1.010843469,0.741699747,77
18:43:09,0.004883677,0.001853228,-0.000951886,0.127532542,-0.024941223,0.023151524,-0.330001652,-0.848331869,-0.414043248,-0.672922581,1.012826692,0.747094472,77
18:43:09,0.017204791,0.000850916,0.010069549,0.008850367,0.036269937,0.023069499,-0.332114577,-0.849328279,-0.410294265,-0.680479388,1.014711499,0.756186509,77
18:43:10,0.024529874,0.019288063,-0.019532561,-0.117783472,0.108710311,-0.015640613,-0.328362018,-0.846068084,-0.419937342,-0.663625704,1.008565583,0.745942246,76
18:43:10,0.000265121,0.000253737,0.023619175,0.013855245,0.055991441,0.021992251,-0.324483007,-0.843345404,-0.428344816,-0.648301373,1.003478596,0.739294384,76
18:43:10,0.002250195,-0.002286255,0.009902716,-0.067712858,-0.010133516,-0.026693797,-0.322409093,-0.842208743,-0.432130486,-0.640995281,1.001366935,0.732770186,76
18:43:10,0.037081987,0.013932228,-0.022713959,-0.026154224,-0.039506048,-0.024751818,-0.322130382,-0.842084885,-0.432579696,-0.64008301,1.001137268,0.728105679,76
18:43:10,0.016958565,0.008613825,0.015180528,0.023612268,-0.032253198,0.007793607,-0.321934819,-0.842320502,-0.432266325,-0.640139304,1.001574206,0.724992395,76
18:43:10,0.010889411,0.019770563,-0.0087924,-0.005430568,-0.029735977,-0.016269118,-0.323082983,-0.842139781,-0.431761533,-0.64240604,1.00123897,0.724300129,76
18:43:10,0.009184241,0.007114351,0.007750928,0.011428306,-0.052004267,-0.004394083,-0.323941141,-0.842285275,-0.430833846,-0.644711834,1.001508899,0.722281247,76
18:43:10,0.008561581,-0.000129223,0.008398712,0.065278754,-0.063008979,-0.002322943,-0.325301886,-0.843875945,-0.426675469,-0.65139667,1.004466733,0.723775597,76
18:43:10,0.019153059,0.010154486,0.007447839,0.01254417,-0.09587612,0.001144759,-0.328584164,-0.845843017,-0.42021662,-0.66363129,1.00814356,0.728613795,76
18:43:10,0.011105657,0.014865994,-0.001848102,0.110530652,-0.175773084,-0.019328825,-0.333339036,-0.850097179,-0.407700807,-0.685385064,1.016169848,0.738638436,76
18:43:11,0.014637887,-0.029010594,-0.003620267,0.094585776,-0.115642369,-0.004189286,-0.336901754,-0.856727123,-0.390532762,-0.711805083,1.028890179,0.754471516,76
18:43:11,0.012217939,-0.000472307,0.007741511,-0.003955975,-0.126507267,-0.052303553,-0.34058553,-0.85938704,-0.38138634,-0.72894519,1.034069684,0.758179665,76
18:43:11,0.013998687,0.004266143,0.005978763,0.00913639,-0.111872926,-0.023165641,-0.341405481,-0.860708833,-0.377654254,-0.735029462,1.036660359,0.75110282,76
18:43:11,-0.007116973,0.005303204,0.008849442,0.05879236,-0.129128352,0.012771321,-0.345406234,-0.86131978,-0.372589499,-0.747556321,1.037861702,0.752557116,76
18:43:11,-0.00157851,0.009652555,-0.012460113,0.012694638,-0.099760607,-0.015760189,-0.350350201,-0.862191617,-0.365896821,-0.763695919,1.03958016,0.757192284,76
18:43:11,0.006422937,-0.002458811,0.028028131,-0.023704115,-0.040674381,-0.023582689,-0.351774782,-0.862454355,-0.363905162,-0.768450304,1.040098998,0.75410447,76
18:43:11,0.005425811,0.007079065,0.006573975,-0.006941114,-0.001723519,0.005837249,-0.35210526,-0.862119973,-0.364377737,-0.768271052,1.039438792,0.751418928,76
18:43:11,0.00652197,0.01147747,-0.0026142,0.021408236,-0.007782476,-0.006462295,-0.352652013,-0.862077892,-0.363948226,-0.769635859,1.039355648,0.752523477,76
18:43:11,0.005590886,0.009391963,-0.003340244,-0.010459948,0.022966914,0.003613776,-0.35170576,-0.861945689,-0.365175158,-0.766611474,1.039094913,0.749811918,76
18:43:11,0.00831455,0.025641799,-0.016186118,0.128644139,0.052137315,0.043287151,-0.352384567,-0.861990273,-0.364414573,-0.768616804,1.039182841,0.755855325,76
18:43:12,0.013029754,0.003587604,-0.003581226,0.222757593,0.031114057,0.049994592,-0.35331583,-0.866471767,-0.352696538,-0.786275337,1.048090954,0.78281726,76
18:43:12,0.006309628,0.021020949,-0.012574255,0.222901404,-0.076577254,0.022291856,-0.358482391,-0.871713459,-0.334075063,-0.82062591,1.058688211,0.818527601,76
18:43:12,-0.026573598,0.009433925,0.010105252,-0.008009307,-0.097053237,-0.107655227,-0.354850352,-0.878910184,-0.318744719,-0.838948308,1.073572636,0.826804337,76
18:43:12,0.01286149,0.019923806,-0.008599222,-0.023880415,-0.128873482,-0.026866369,-0.353392273,-0.879971147,-0.317434609,-0.83894891,1.075801469,0.813843052,76
18:43:12,0.004099131,0.01178652,0.010305822,0.0059374,-0.09844926,-0.056871671,-0.354136497,-0.881737709,-0.311650217,-0.849125389,1.079533225,0.81256112,76
18:43:12,-0.00339216,-0.001251161,0.017522752,-0.012406453,-0.059186816,-0.050379418,-0.351619363,-0.883927822,-0.308277994,-0.850982922,1.084196159,0.806502672,76
18:43:12,0.007646859,0.006127894,0.009195507,0.017854247,-0.029807083,-0.018766899,-0.34982571,-0.884898126,-0.307534307,-0.849644842,1.086275234,0.799785661,76
18:43:12,0.004678339,-0.000679255,0.012874663,0.029836874,-0.009090621,0.001982323,-0.349847645,-0.885948539,-0.304469675,-0.854638941,1.088535254,0.803324974,76
18:43:12,-0.006305665,0.005160213,0.014014959,-0.02140687,0.006948533,-0.00735179,-0.34920916,-0.88643235,-0.303794026,-0.854834474,1.089579471,0.803399148,76
18:43:12,0.005198538,0.006382406,0.004016936,-0.035840672,0.005885664,-0.023076691,-0.347850144,-0.886616766,-0.304813027,-0.851243625,1.089978108,0.799039303,76
18:43:13,0.014872015,0.002307296,-0.000640213,-0.024017038,0.00185577,-0.001280049,-0.346155703,-0.88641715,-0.307312369,-0.844770136,1.089546653,0.791910588,76
18:43:13,0.000762075,0.006052315,0.01337415,-0.049447827,0.020629458,-0.009581922,-0.345900774,-0.885813475,-0.309333354,-0.841148504,1.088244088,0.789268572,76
18:43:13,0.004503638,0.015146554,0.003278255,-0.013012055,0.011816792,0.005975201,-0.345125675,-0.884562075,-0.313748717,-0.832984258,1.085554274,0.781586956,76
18:43:13,0.003628761,0.003161967,0.004701734,0.014142066,0.009494514,-0.006302504,-0.34522742,-0.884342074,-0.314256519,-0.832325985,1.085082847,0.782007346,76
18:43:13,0.001598984,0.013762355,0.008256614,-0.034806032,-0.018807964,-0.018422283,-0.344219834,-0.884169519,-0.315843225,-0.828362443,1.084713254,0.777844269,76
18:43:13,0.000525206,0.006444216,0.005515337,-0.005409529,-0.006464744,-0.013620604,-0.343603909,-0.884679317,-0.31508553,-0.828666794,1.085805669,0.77614027,76
18:43:13,0.007101655,0.006756127,-0.00210917,0.012971342,0.020408949,-0.010992864,-0.342230678,-0.883969247,-0.318553805,-0.821214272,1.084284819,0.768422168,76
18:43:13,0.008632243,0.003448546,0.001511872,-0.012916449,0.00698928,-0.000143944,-0.340831608,-0.884095073,-0.319702804,-0.81737469,1.084553961,0.765150894,76
18:43:13,0.001883566,0.015368402,0.010074973,0.050865993,-0.00907544,-0.012628578,-0.340567857,-0.884784222,-0.318073153,-0.819538103,1.086030736,0.767582728,76
18:43:13,0.005829722,0.011887074,-0.002873421,0.126687795,-0.078945868,-0.017256618,-0.341096073,-0.890626073,-0.300730318,-0.848207463,1.098720115,0.789757323,76
18:43:14,0.002747506,0.002689004,0.02022326,0.102041826,-0.004247129,0.006573346,-0.342194825,-0.894291341,-0.288350105,-0.870585475,1.106845076,0.812028673,76
18:43:14,0.004495978,0.00175947,0.019193053,-0.040077232,0.000680251,0.009648232,-0.342951328,-0.894337952,-0.287304938,-0.873461502,1.106949162,0.814787958,76
18:43:14,-0.000856042,0.005738318,-0.000724435,-0.020215642,0.004609479,-0.002577541,-0.343824685,-0.892853558,-0.290855855,-0.868662661,1.103642261,0.809718119,76
18:43:14,0.001669317,0.007773459,0.004869103,-0.029940173,0.002061101,-0.010995528,-0.343908608,-0.891959071,-0.293489277,-0.86433561,1.101659912,0.805044972,76
18:43:14,0.007046521,0.003509045,0.007307112,-0.026042901,0.022908591,-0.022911042,-0.342403948,-0.89160049,-0.296324253,-0.857416255,1.100867452,0.798393203,76
18:43:14,0.001476586,0.000808477,0.000842869,0.006879095,0.019192683,-0.013400362,-0.340206146,-0.891814113,-0.298206896,-0.85109047,1.101339354,0.793875136,76
18:43:14,0.003185779,0.011917353,-0.004759252,-0.040896151,0.007034021,-0.013342038,-0.338420808,-0.891127348,-0.302264035,-0.841772915,1.099823628,0.785644418,76
18:43:14,0.007445335,0.008760035,-0.00465405,0.007968061,-0.002812751,-0.006377872,-0.337248087,-0.89039582,-0.30571115,-0.83440855,1.098213967,0.777734036,76
18:43:14,0.001207381,0.008523703,-0.002779126,-0.033735178,0.000879988,-0.001328252,-0.336899966,-0.889686167,-0.308150858,-0.829937418,1.096657347,0.773032135,76
18:43:14,0.003305793,0.007201612,0.0015347,-0.001944492,-0.002995711,-0.002648648,-0.336557031,-0.889340878,-0.309519559,-0.82722248,1.095901653,0.770181224,76
18:43:15,0.00320816,0.00314033,0.0092448,-0.025205869,0.006875829,-5.50E-05,-0.336001635,-0.888728142,-0.311873823,-0.822622404,1.094563288,0.765211464,76
18:43:15,0.003635287,0.006589174,0.004901052,-0.031145517,-0.002891848,-0.014650449,-0.335909963,-0.888240159,-0.313358963,-0.820117142,1.093499995,0.762545769,78
18:43:15,0.001387298,0.000255227,0.004344881,-0.219737798,0.066981778,-0.004696086,-0.334562302,-0.885797381,-0.321606904,-0.805139604,1.088209429,0.748294023,78
18:43:15,0.002468348,0.015263081,-0.004327238,-0.075117767,0.031501547,-0.015362312,-0.332057804,-0.881121993,-0.336692274,-0.778468228,1.078229594,0.724316792,78
18:43:15,0.005847037,0.010634482,-0.004746318,0.028716216,-0.033452682,-0.006763497,-0.330980778,-0.880399287,-0.339630455,-0.772500693,1.076703452,0.715689351,78
18:43:15,0.000976264,0.009987175,0.00400722,0.022579759,-0.012804933,-0.006476942,-0.331603199,-0.88126272,-0.336771846,-0.777665177,1.078527258,0.719022783,78
18:43:15,0.003547758,0.007083237,0.001126885,0.03596108,-0.001746688,0.003239335,-0.33170265,-0.881776392,-0.335326195,-0.779965844,1.079615233,0.721051145,78
18:43:15,0.009415627,0.004551351,0.002251625,-0.009583768,0.004374588,0.02043217,-0.332657158,-0.881197631,-0.335901558,-0.78054539,1.078389614,0.722035528,78
18:43:15,0.004882097,0.003820956,0.002200365,-0.003454505,0.007987432,0.019251592,-0.334013611,-0.880482733,-0.336430013,-0.781793975,1.07687944,0.724335455,78
18:43:15,0.001175582,-0.001152396,0.004632652,-0.060792096,-0.005414659,0.001201484,-0.335220426,-0.87943089,-0.33797726,-0.781303045,1.074665365,0.723857357,78
18:43:16,0.008372724,0.004961729,-0.003848791,-0.041107073,-0.001567723,-0.000111454,-0.334971309,-0.878144503,-0.341550261,-0.775673771,1.071969677,0.71717004,78
18:43:16,0.002331316,0.012842238,0.001950324,0.016352758,-0.006634122,0.003272358,-0.335353822,-0.877235949,-0.343504161,-0.773392769,1.070073774,0.71430428,78
18:43:16,0.000635862,0.012815773,-0.003733039,0.018787686,0.003101597,0.004587694,-0.335581064,-0.876690805,-0.344671905,-0.772035031,1.06893944,0.71218932,78
18:43:16,0.002483964,0.003042877,-0.002255559,0.011317518,-0.004258316,0.011808589,-0.336437196,-0.876729012,-0.343738705,-0.774663815,1.069018803,0.714917205,78
18:43:16,0.002693951,0.003657639,-0.003382921,-0.018250229,0.003084818,0.025316408,-0.338111907,-0.875375032,-0.345541209,-0.77453152,1.066211079,0.715135147,78
18:43:16,0.006482601,0.001230955,0.003333211,-0.05831429,0.009456965,0.006119278,-0.3389709,-0.873940229,-0.348320574,-0.771795354,1.063251086,0.712873756,78
18:43:16,0.00778228,0.010867715,-0.004854083,-0.035004973,0.000701023,-0.002476075,-0.338729292,-0.87225461,-0.352752596,-0.765120856,1.059793673,0.70612958,78
18:43:16,0.003612071,0.012847602,-0.00546819,-0.014151888,-0.000532819,-0.004994893,-0.337977022,-0.871793032,-0.354610413,-0.761386473,1.058850712,0.702099999,78
18:43:16,0.002766609,0.014055431,-0.000156939,-0.02380478,-0.000390606,-0.012255203,-0.337162018,-0.871535897,-0.356015533,-0.75820621,1.058325958,0.698354223,78
18:43:16,0.005200088,0.019315064,-0.008883297,-0.001827843,-0.000414575,-0.007504656,-0.336589485,-0.871363342,-0.356978506,-0.756009339,1.057974194,0.695967688,78
18:43:17,0.002546012,0.008310437,0.000195801,-0.006828461,0.001966026,-0.001389239,-0.336437792,-0.871665299,-0.356383651,-0.756616794,1.058590045,0.696700936,78
18:43:17,0.00338012,0.013103485,-0.00563544,0.011511929,-0.005340356,0.000864594,-0.336249739,-0.871545494,-0.356854022,-0.755679335,1.058345535,0.695492166,78
18:43:17,-0.000852436,0.016111851,-0.004632533,0.015237158,-0.003002102,-0.005140301,-0.33596921,-0.871624053,-0.356926143,-0.75516192,1.058505865,0.694385846,78
18:43:17,0.005501986,0.010879099,-0.002482235,0.002931757,0.001896515,-0.000200137,-0.335441828,-0.871777475,-0.35704717,-0.754208734,1.058818905,0.693269165,78
18:43:17,-0.000311077,0.014790416,-0.005536258,0.000530917,-0.006667677,-0.005115534,-0.335015208,-0.871767521,-0.357472003,-0.752980342,1.058798544,0.69147578,78
18:43:17,0.000802904,0.009684145,0.002314448,0.000597496,-0.000535216,-0.008686833,-0.334710121,-0.872062862,-0.357037157,-0.753133058,1.05940179,0.69136403,78
18:43:17,0.003299683,0.01789844,-0.007957041,0.001753576,-0.001712333,-0.002671018,-0.334689349,-0.871915698,-0.357416064,-0.752572885,1.05910113,0.690892569,78
18:43:17,0.002725989,0.009752452,0.003639162,-0.00196686,0.000732981,0.000999351,-0.334191948,-0.872131526,-0.357354581,-0.751916726,1.059542129,0.689867735,78
18:43:17,0.004207373,0.014866769,-0.003095806,0.048140779,-0.036112119,0.000451538,-0.334651083,-0.872332692,-0.356432974,-0.753890143,1.059953433,0.69112439,78
18:43:17,-0.000243515,0.012993693,-0.000495851,0.021201575,-0.010433922,0.003254515,-0.335647643,-0.873435378,-0.352776736,-0.760521738,1.062213378,0.695509964,78
18:43:18,0.001895487,0.011050463,-0.003328979,0.035913941,-0.012832895,0.003150652,-0.335802823,-0.873933077,-0.351393491,-0.762714702,1.063236335,0.697054766,78
18:43:18,-0.002037853,0.00847888,0.001279175,0.056821086,-0.01901569,-0.005448962,-0.336874485,-0.87630558,-0.344389588,-0.7743675,1.068139174,0.706482434,78
18:43:18,0.005073369,0.011797786,0.000447452,0.012755359,-0.000613512,-0.003876632,-0.33714968,-0.878647685,-0.338095337,-0.78399772,1.073022547,0.718313729,78
18:43:18,0.0079211,0.01045084,0.000465512,0.079934128,-0.061973274,-0.003524561,-0.338074893,-0.881253004,-0.330300778,-0.797028981,1.078506679,0.729581102,78
18:43:18,-0.004884899,0.012183785,0.002507269,0.09601216,-0.014085114,-0.003161306,-0.339123994,-0.884512246,-0.320364118,-0.813836587,1.085447391,0.744876227,78
18:43:18,-0.00015381,0.015526235,-0.004461825,0.049507514,-0.004310247,-0.005274791,-0.339414716,-0.885886133,-0.316233277,-0.820739943,1.088400715,0.75141819,78
18:43:18,0.003493309,0.011286438,0.000775695,0.000537576,0.001963628,-0.002630005,-0.338667363,-0.886056304,-0.316557318,-0.819129606,1.088767613,0.749651019,78
18:43:18,0.003178418,0.007781267,0.003235698,-0.001929844,0.003129561,-0.002588727,-0.338367671,-0.885984123,-0.317079633,-0.817865391,1.088612001,0.748616033,78
18:43:18,-0.002246052,0.015162289,-0.004652083,-0.003257429,0.000782516,0.007037269,-0.338283718,-0.88550669,-0.318499863,-0.815511365,1.087583473,0.747028677,78
18:43:18,0.003610551,0.005102754,0.000939965,-0.000971638,0.00297616,0.013179851,-0.338753879,-0.885258257,-0.318690479,-0.815905955,1.087049005,0.748103279,78
18:43:19,-0.001089454,0.010063648,0.000321329,-0.009420516,0.003056856,0.005933655,-0.339470655,-0.88483274,-0.319109529,-0.816305051,1.086134847,0.748740592,78
18:43:19,0.003202945,0.009911239,0.001777172,-0.022864951,0.001787059,0.002365286,-0.339826196,-0.884191811,-0.320504487,-0.814650444,1.084760994,0.747095055,78
18:43:19,0.005077899,0.012910485,-0.000271916,0.013841663,-0.000633487,0.005801562,-0.340205878,-0.88374275,-0.32133916,-0.813909619,1.083800588,0.746571767,78
18:43:19,-0.003088206,0.016030014,-0.005329549,0.099623948,-0.005465792,0.004150669,-0.340889752,-0.884908974,-0.317380369,-0.821096915,1.086298546,0.75421957,78
18:43:19,0.004819036,0.007514954,-0.000589669,0.198355049,-0.039828826,0.032435834,-0.344021261,-0.889196575,-0.301627219,-0.85096524,1.09558611,0.784180501,78
18:43:19,0.002552032,0.002650797,0.013238192,-0.091225103,0.019239821,-0.004522714,-0.344821095,-0.890282989,-0.297480553,-0.858969659,1.097966234,0.793058134,78
18:43:19,0.001141042,0.01246202,-0.004583418,-0.003064083,0.002033936,-0.00626522,-0.344768167,-0.890237033,-0.297679573,-0.858562919,1.097865251,0.793873999,78
18:43:19,0.000460416,0.016032934,-0.001955807,-0.035023615,0.011835966,0.003645468,-0.345079243,-0.88939786,-0.299819171,-0.855465002,1.096026332,0.791436927,78
18:43:19,0.001126528,0.00267607,0.008350134,-0.022785591,0.010486276,0.001200419,-0.34479928,-0.888812661,-0.301870108,-0.851685972,1.094747671,0.787889386,78
18:43:19,0.003393322,0.010660112,0.001054168,-0.035000712,0.006651325,-0.00598985,-0.344548404,-0.887931287,-0.304736525,-0.846637994,1.092827962,0.782874816,78
18:43:20,0.000618398,0.014192045,0.000560701,-0.016549533,-0.000524031,-0.008615993,-0.344230264,-0.887542009,-0.306226373,-0.843758278,1.091982434,0.779968186,79
18:43:20,0.000914544,0.013045549,-0.001119852,-0.027641065,0.005654769,-0.001267266,-0.343992442,-0.886868775,-0.308436632,-0.839841914,1.090523178,0.77649714,79
18:43:20,0.003071755,0.015725911,-0.001797915,-0.006689178,0.008166397,-0.008610932,-0.342685968,-0.886100829,-0.312076658,-0.832112861,1.08886368,0.768608515,79
18:43:20,0.004065335,0.012580216,-0.001007259,-0.02987173,0.011752076,-0.016913338,-0.341207623,-0.885884821,-0.31430167,-0.826420989,1.088397825,0.762854692,79
18:43:20,0.002319276,0.012828529,-0.004321814,-0.006748036,0.008042559,-0.007362177,-0.340407461,-0.885629177,-0.315885484,-0.822745158,1.087847101,0.759692545,79
18:43:20,-0.000319362,0.009319007,-0.003951073,-0.009280968,0.016605154,-5.73E-06,-0.339721978,-0.885049403,-0.318239808,-0.818036149,1.086600114,0.755868185,79
18:43:20,0.001579762,0.005842268,0.002007902,0.00414243,0.010466302,0.002299506,-0.338691205,-0.884532332,-0.320766002,-0.812573247,1.085490515,0.75139622,79
18:43:20,0.003005773,0.014166653,-0.003177047,-0.016537014,0.010557382,-0.006106496,-0.338103175,-0.884006858,-0.32282868,-0.808504586,1.084365253,0.74802344,79
18:43:20,0.001102269,0.011551082,-0.001886368,-0.003195377,0.009190115,-8.38E-05,-0.337176144,-0.883344233,-0.32559973,-0.802862927,1.082949678,0.743315172,79
18:43:20,0.003734946,0.014272511,-0.002833426,-0.020200728,0.00193087,-0.00978725,-0.336848408,-0.883120239,-0.326545089,-0.800928156,1.082472034,0.741178732,79
18:43:21,0.000650346,0.010702014,-0.002781868,-0.00433388,0.001854971,-0.007413043,-0.336205184,-0.882967532,-0.327619135,-0.79833164,1.082146652,0.738530308,79
18:43:21,0.003056407,0.010603726,-0.00279206,0.021465495,-0.004158447,-0.011248793,-0.336169988,-0.883357942,-0.326601595,-0.79983408,1.082978933,0.739367266,79
18:43:21,0.002260089,0.006477416,0.001065373,0.004150685,-0.00055439,-0.000229166,-0.33587712,-0.883656383,-0.326095134,-0.800174128,1.083616084,0.739792737,79
18:43:21,0.000387579,0.011639178,0.001155257,0.001800179,-0.005321981,-0.005146959,-0.335988164,-0.883935213,-0.325223804,-0.801676475,1.084212,0.741016552,79
18:43:21,0.002967656,0.014243901,-0.002784014,-0.018969547,0.00321345,-0.008589095,-0.335592866,-0.88357991,-0.326594442,-0.798986278,1.083452722,0.738168867,79
18:43:21,0.002961785,0.013482094,-0.006330073,0.015008926,0.004256343,0.010686066,-0.335541219,-0.883291125,-0.327427745,-0.797635654,1.082836403,0.737107143,79
18:43:21,-0.002199978,0.008669257,-0.001275003,-0.028923644,0.019060856,0.003730422,-0.335811704,-0.882903576,-0.328194886,-0.796868647,1.082010392,0.736873066,79
18:43:21,0.004128098,0.014986038,-0.009316981,-0.004399659,0.001903707,-0.001380184,-0.335181594,-0.881819427,-0.331734627,-0.79056661,1.079706545,0.732939852,79
18:43:21,0.001885921,0.012171924,-0.000314236,0.002959721,-0.006729996,-0.005106479,-0.334983915,-0.88198036,-0.331506103,-0.790616215,1.080047793,0.732386449,79
18:43:21,0.00034225,0.015108228,-0.002179801,-0.011780078,0.003128761,0.001082974,-0.334905118,-0.881971717,-0.331608862,-0.790343613,1.08002945,0.731799289,79
18:43:22,0.001349539,0.00851357,-0.001248002,-0.042445045,-0.004089737,0.005940846,-0.334905386,-0.881251872,-0.333517104,-0.787475103,1.078504359,0.728634398,79
18:43:22,-0.00141263,0.01590091,-0.006704628,0.000445431,0.006849463,0.004680372,-0.336034209,-0.880292714,-0.334911644,-0.787071268,1.076478824,0.728103613,79
18:43:22,0.001013219,0.013896883,-0.004092932,0.003024435,0.011706537,-0.004945891,-0.33502683,-0.88025701,-0.33601281,-0.783928847,1.076403588,0.725965104,79
18:43:22,0.002584964,0.009508729,-0.003071606,-0.000493599,0.010563774,-0.014645123,-0.333653688,-0.880767226,-0.336042136,-0.781831712,1.077479933,0.72491877,79
18:43:22,0.001887828,0.013854682,-0.00505811,0.000447027,0.00306005,0.001051548,-0.332941413,-0.88068819,-0.336954653,-0.779407383,1.077313088,0.722907404,79
18:43:22,0.003707826,0.010012925,-0.002204955,-0.004443601,-0.000609519,-0.000174571,-0.332808107,-0.880767584,-0.336878419,-0.779320313,1.077480746,0.722794277,79
18:43:22,0.002040744,0.010073423,-0.006090283,-0.003253967,-0.015310967,-0.000323442,-0.333582431,-0.880828083,-0.335953236,-0.781857207,1.077608517,0.724730782,79
18:43:22,0.00060904,0.016843259,-0.002912521,0.015179101,-0.012807328,-0.002815362,-0.334164798,-0.881250024,-0.334263623,-0.785250299,1.078500448,0.72722335,79
18:43:22,0.004807174,0.009825528,0.000329733,0.011412061,-0.006752366,0.003330948,-0.334456682,-0.881587088,-0.333080858,-0.78745923,1.079213983,0.728663777,79
18:43:22,0.005020678,0.011063814,-0.000736952,-0.011907643,0.001828605,0.008352604,-0.335143149,-0.881360352,-0.332990885,-0.78861946,1.078733868,0.729900367,79
18:43:23,0.002740443,0.014209628,-0.003118277,0.007801879,-0.003009293,0.000942092,-0.33580792,-0.881073117,-0.333081335,-0.789474448,1.078126298,0.731104076,79
18:43:23,0.002483338,0.018570364,-0.007041097,0.004133374,-0.000556787,0.000981241,-0.336008519,-0.881008625,-0.333049685,-0.789820506,1.077989931,0.731216319,79
18:43:23,0.001268208,0.012779295,-0.001354873,0.01149089,0.003113581,0.000986834,-0.336319178,-0.88112247,-0.332434148,-0.791207473,1.078230643,0.73287834,79
18:43:23,0.008792996,0.009082139,-0.002599001,-0.008319832,0.001814224,0.014389457,-0.336947083,-0.880828321,-0.332578391,-0.791923129,1.077608952,0.733673917,79
18:43:23,0.000573009,0.013112962,-0.00325346,0.022431955,-0.015332537,0.001991111,-0.338065475,-0.880968153,-0.331069469,-0.795853057,1.077904353,0.737074406,79
18:43:23,0.002926201,0.013820291,-0.007629812,-0.000756722,0.010469498,0.002319746,-0.337931395,-0.880668163,-0.332003295,-0.794246708,1.077270725,0.735181479,79
18:43:23,0.001197517,0.011225104,-0.001779497,0.006510778,-0.001793027,0.005800764,-0.338201553,-0.880544722,-0.33205542,-0.794567703,1.077010225,0.736145577,79
18:43:23,0.002508551,0.011361301,-0.006441474,-0.019137328,0.00680632,0.002359693,-0.338490367,-0.880177736,-0.332733691,-0.793974365,1.076236527,0.736141302,79
18:43:23,0.000637531,0.009956777,0.001725137,-0.019091254,0.004363403,-0.001295496,-0.338648856,-0.879780471,-0.33362177,-0.792875795,1.075400146,0.735290455,79
18:43:23,0.004958212,0.019981682,-0.00899899,-0.005589826,0.001909299,-0.003795937,-0.338453025,-0.878971875,-0.335943758,-0.789118923,1.073701878,0.731454253,79
18:43:24,-0.000868946,0.013753474,0.000993669,0.007768856,-0.0068035,-0.000265917,-0.338591874,-0.879152,-0.335331827,-0.790235551,1.074079718,0.732083023,79
18:43:24,0.002992272,0.013673902,-0.008269489,0.000431849,-0.001898488,-0.000187621,-0.33845529,-0.879041851,-0.335758001,-0.789398764,1.073848687,0.730802209,79
18:43:24,0.001189411,0.009352684,0.00138706,-0.000743406,-0.004282285,-0.002646517,-0.338193595,-0.879161,-0.335709959,-0.789083588,1.074098624,0.730069341,79
18:43:24,-0.004514098,0.015697479,-0.006036818,0.020068932,0.00054363,-0.002665426,-0.338334113,-0.879127324,-0.335656226,-0.78937133,1.074027976,0.730365734,79
18:43:24,0.002752632,0.013265848,-0.00710839,0.029790003,0.003033686,0.004561328,-0.338230908,-0.87961036,-0.334492892,-0.790954633,1.075042507,0.732151751,79
18:43:24,0.001792103,0.01252985,0.001312256,-0.00306515,0.004367396,-0.008623715,-0.337834984,-0.8798967,-0.334139764,-0.790897127,1.075644809,0.732708259,79
18:43:24,0.003963381,0.011738956,-0.001228034,-0.010381119,0.000818469,-0.008667658,-0.33751899,-0.880066931,-0.334010571,-0.790622632,1.076003081,0.732761107,79
18:43:24,0.003819346,0.012198985,-0.005785942,-0.006783189,0.009204497,-0.006120611,-0.336841047,-0.880023718,-0.334808141,-0.788424903,1.07591212,0.730819819,79
18:43:24,0.000608534,0.015338004,-0.002894938,-0.005643887,0.006858252,0.002284858,-0.336605638,-0.879744589,-0.335776716,-0.786630976,1.07532479,0.729430819,79
18:43:24,-0.000647873,0.01174891,-0.001261115,-0.004265435,0.011835167,-0.006164287,-0.336325854,-0.879588962,-0.336464405,-0.785192231,1.074997533,0.728655852,79
18:43:25,0.00336501,0.016834438,-0.005250216,-0.003180997,0.007967458,-0.001306148,-0.335898429,-0.879257679,-0.337754786,-0.782642508,1.074301532,0.727108207,79
18:43:25,0.002990186,0.009855747,0.000212133,0.005342716,0.003287753,0.007006643,-0.335538715,-0.879160225,-0.338365138,-0.781204086,1.074097029,0.725955123,79
18:43:25,0.003697157,0.007552564,-0.000352681,-0.005584765,-0.00182179,-0.006233529,-0.335253894,-0.879298508,-0.338288605,-0.78089258,1.07438726,0.725366913,79
18:43:25,0.004313231,0.011018157,-0.003871143,-0.00926552,-0.00310277,-0.007421565,-0.334862947,-0.879315794,-0.338630468,-0.779804227,1.074423596,0.723800606,79
18:43:25,-6.52E-05,0.015195131,-0.000978768,0.002928294,0.001838192,-0.00139137,-0.334436506,-0.879098237,-0.339615494,-0.777714945,1.07396691,0.721818944,79
18:43:25,0.001149178,0.010480881,-0.005217552,-0.017785506,0.009272407,-0.006094245,-0.334140301,-0.878778517,-0.340732545,-0.775630359,1.073296652,0.720144949,79
18:43:25,0.002670765,0.009615481,-0.002345026,0.000476588,0.006795933,0.001068326,-0.333708763,-0.878401399,-0.342124939,-0.772945807,1.072507016,0.718019376,79
18:43:25,-0.000119895,0.01051718,0.001017332,-0.01655486,0.011721716,-0.006075337,-0.333390087,-0.878341973,-0.342587978,-0.771792212,1.072382595,0.717554209,79
18:43:25,0.003852427,0.006989479,-0.001406133,0.002977297,0.00062033,-0.005034574,-0.332922101,-0.878720522,-0.342071861,-0.771843647,1.073175043,0.718724842,79
18:43:25,0.002227068,0.019328117,-0.004818559,0.005377338,0.003003325,-0.002580737,-0.332761586,-0.878791094,-0.342046916,-0.771639092,1.073322935,0.718719107,79
18:43:26,0.000975102,0.014502704,-0.002381027,0.003053997,-0.000420166,-0.006314489,-0.33250156,-0.878879249,-0.342073381,-0.771209694,1.073507671,0.718304596,79
18:43:26,-0.001261145,0.011191905,-9.39E-05,0.002966378,0.00190131,-0.002620951,-0.332248926,-0.879016936,-0.34196493,-0.770988333,1.073796436,0.718095181,79
18:43:26,0.001424909,0.012807071,-0.00349462,0.016447833,-0.010294901,-0.004026034,-0.332463086,-0.879136741,-0.341448098,-0.772066304,1.074047768,0.718914589,79
18:43:26,0.002060413,0.014855921,-0.00720042,-0.006844174,-0.001825783,-0.003807656,-0.332076132,-0.879216969,-0.34161821,-0.771235324,1.074216192,0.71780036,79
18:43:26,0.000219107,0.007335961,0.002831638,0.002878495,-0.00312514,-0.000209725,-0.331791252,-0.879570484,-0.340984374,-0.77173453,1.074958713,0.717774332,79
18:43:26,0.006306916,0.010585189,-0.007313728,-0.016636087,-0.000536015,-0.002563959,-0.331409246,-0.879340529,-0.341947496,-0.769749136,1.074475589,0.715982212,79
18:43:26,0.001198262,0.012959123,-0.002686799,0.001744786,-0.005387496,-0.002706971,-0.331244528,-0.879288554,-0.342240781,-0.7690722,1.074366441,0.715106821,79
18:43:26,0.000111133,0.009979665,-0.003986418,-0.01046554,-0.004149659,-0.0050652,-0.331133902,-0.879253924,-0.342436731,-0.768619249,1.07429369,0.714574061,79
18:43:26,0.00128898,0.013174832,-0.003527224,-0.010551827,0.003186285,0.002269146,-0.330831707,-0.879015982,-0.343338221,-0.766849278,1.073794442,0.712724456,79
18:43:26,-0.00080201,0.017344415,-0.006647944,0.00408677,0.00305286,0.003457181,-0.330678612,-0.878760457,-0.34413901,-0.765454059,1.07325882,0.711472431,79
18:43:27,0.002161324,0.010978103,-0.000851274,-0.006898237,0.003123168,0.00227314,-0.330727577,-0.878772616,-0.344060928,-0.765641401,1.073284219,0.711866515,79
18:43:27,0.003198624,0.014422238,-0.00478375,0.012665877,-0.001850551,0.002163418,-0.330757827,-0.878783524,-0.344004154,-0.765769565,1.073307066,0.712185462,79
18:43:27,0.001194358,0.01011169,-0.002622485,-0.004478754,0.000552418,0.001066995,-0.330737233,-0.878883004,-0.34376967,-0.766079146,1.073515593,0.712674996,79
18:43:27,0.000146747,0.012950301,-0.003309667,-0.001949817,-0.006612549,-0.001493368,-0.331169754,-0.878791869,-0.343586057,-0.766999046,1.07332465,0.713509016,79
18:43:27,0.001379669,0.014111936,-0.003962517,0.001678474,-0.004172029,0.00214664,-0.331411004,-0.878962219,-0.342917502,-0.768336159,1.073681626,0.714580623,79
18:43:27,0.000861019,0.013120532,-0.00539732,0.006545934,-0.002954964,0.004559198,-0.331868678,-0.878961861,-0.342475086,-0.76967097,1.07368089,0.715884406,79
18:43:27,0.001277119,0.00872612,-0.002941191,0.000351686,-0.000627095,0.007067629,-0.332300037,-0.878977299,-0.342016786,-0.770989381,1.073713342,0.717171502,79
18:43:27,-0.000101328,0.016723931,-0.007945001,0.011282897,-0.004263109,0.014229402,-0.332859457,-0.878628552,-0.342368841,-0.771315845,1.07298246,0.717794397,79
18:43:27,-0.002193213,0.011466801,0.000193477,0.001594316,-0.001792228,0.00703141,-0.333773524,-0.87831521,-0.342282802,-0.772812167,1.072326665,0.719431938,79
18:43:27,5.96E-08,0.011660993,0.000462711,0.006571232,-0.005458603,0.000923184,-0.334501863,-0.878509164,-0.341072083,-0.775673106,1.072732522,0.722262597,79
18:43:28,0.001751482,0.014704764,-0.005803227,0.012672268,-0.000567174,0.003366634,-0.334742755,-0.878593028,-0.340619594,-0.776696634,1.072908009,0.723220842,79
18:43:28,0.002143949,0.008471549,0.000156522,0.002874499,-0.001727512,0.004586362,-0.335180968,-0.878753245,-0.339773953,-0.778593415,1.073243652,0.72511279,79
18:43:28,0.004377156,0.010854602,-0.003720462,0.015142618,-0.000508051,0.003337339,-0.335415304,-0.878664374,-0.339772701,-0.778944668,1.073057442,0.725514509,79
18:43:28,0.004918426,0.011734962,-0.002547383,-0.008206114,0.003170306,0.009521466,-0.33548364,-0.878568292,-0.33995384,-0.77878006,1.072856337,0.725593099,79
18:43:28,4.60E-05,0.008781135,0.001684368,-0.004320562,0.003254995,-0.003827363,-0.335539669,-0.878574312,-0.339882851,-0.778967927,1.072868837,0.725739241,79
18:43:28,0.00264293,0.012023568,-0.003689766,-0.000734616,-0.000607122,-0.002610565,-0.335649341,-0.878368199,-0.340307057,-0.778507725,1.072437548,0.725292983,79
18:43:28,-0.000707865,0.012354374,0.000418961,-0.009316653,0.003071235,-0.001328785,-0.335273981,-0.878225863,-0.341043741,-0.776867221,1.072139786,0.723901813,79
18:43:28,-0.001919806,0.011153162,0.000240445,-0.011626411,0.008106476,-0.007361111,-0.334535062,-0.878001213,-0.342345327,-0.77386004,1.071670309,0.72096376,79
18:43:28,-0.000480115,0.011008322,-0.000268459,0.000576723,-0.000595937,-0.008667658,-0.334006369,-0.877841115,-0.343270719,-0.771720187,1.071335947,0.718982301,79
18:43:28,0.001200974,0.01704073,-0.005595207,0.009148907,-0.005326776,-0.005177319,-0.333688647,-0.87796849,-0.343253851,-0.77126906,1.071601936,0.718301094,79
18:43:29,-0.000678718,0.013501644,0.000496447,0.015163923,-0.001903282,-0.002669154,-0.333319575,-0.878381491,-0.342555404,-0.771734021,1.072465282,0.71870185,79
18:43:29,0.002339602,0.01666081,-0.004386365,0.012732988,0.003115179,-0.000228633,-0.33287397,-0.878580093,-0.342479378,-0.771176361,1.072880963,0.718183013,79
18:43:29,0.001787066,0.007610261,0.004094839,-0.001933306,0.003071235,-0.003779959,-0.332367301,-0.878868103,-0.342232406,-0.770775583,1.073484379,0.717945472,79
18:43:29,0.005522281,0.022725582,-0.004041493,-0.000703191,-0.00917531,-0.006325674,-0.332135141,-0.878754914,-0.342747927,-0.769674104,1.073247143,0.716864234,79
18:43:29,0.001009315,0.006511152,-0.003125191,0.022462316,-0.021567263,-0.004082493,-0.332047254,-0.879706621,-0.340383619,-0.773001441,1.075244828,0.718872485,79
18:43:29,-0.003316194,0.009517014,0.006249726,-0.004382081,-0.006608555,-0.002693655,-0.332757264,-0.881797314,-0.33422482,-0.78319789,1.079659627,0.726123066,79
18:43:29,0.001110256,0.013033152,-0.006848872,-0.003183126,-0.002938986,-0.000241949,-0.333155364,-0.881834269,-0.333730131,-0.784536292,1.079738002,0.727469938,79
18:43:29,0.001541108,0.013419271,-0.000616789,0.000507481,-0.000605524,-0.003826031,-0.33314383,-0.882251382,-0.332637757,-0.786158286,1.080623181,0.728961612,79
18:43:29,-0.002460539,0.012144804,0.000763953,0.024953969,-0.006751567,-0.001566339,-0.333094209,-0.882456958,-0.332141638,-0.786830079,1.081060076,0.729335153,79
18:43:29,-0.002155095,0.009382367,2.99E-05,-0.009343551,-0.00678752,-0.002615891,-0.332896113,-0.882624269,-0.331895798,-0.786902856,1.081415901,0.728928637,79
18:43:30,0.003452241,0.010944843,0.003867209,-0.02023215,0.010499059,-0.006072141,-0.332628757,-0.882233381,-0.333200365,-0.784539684,1.080584936,0.726517632,79
18:43:30,-0.002806485,0.014750957,-0.00433147,-0.008115301,0.00913259,-4.43E-05,-0.332198799,-0.881599009,-0.335301459,-0.780749991,1.079239326,0.7233202,76
18:43:30,-0.000476867,0.011188805,0.000961244,-0.014166804,0.001856569,-0.004951749,-0.332102269,-0.881485343,-0.335696131,-0.780016555,1.078998534,0.722977401,76
18:43:30,0.004175752,0.016955018,-0.002194166,-0.015360164,0.009151765,-0.007276422,-0.331322819,-0.881346583,-0.336828321,-0.777158449,1.078704766,0.720319694,76
18:43:30,0.001517534,0.010579407,-0.002497196,0.001706969,0.001897315,-0.000195077,-0.331106126,-0.881334066,-0.337074459,-0.776466188,1.078678254,0.719717895,76
18:43:30,0.000311464,0.010992408,-0.001617491,-0.012952933,0.00313675,-0.002543187,-0.330891877,-0.881258786,-0.337481052,-0.775539942,1.078519012,0.71885255,76
18:43:30,0.002066761,0.009832919,-0.002350986,-0.003191648,0.00073378,0.00100441,-0.330663532,-0.881075859,-0.338181943,-0.774157748,1.078132116,0.717509656,76
18:43:30,-0.001607955,0.016209722,-0.002866983,-0.009301474,0.008029777,-8.96E-05,-0.330422133,-0.880601764,-0.339649439,-0.771628376,1.077130603,0.715299053,76
18:43:30,0.00260517,0.011431575,-0.010883987,-0.02293233,0.021487795,0.013412345,-0.330133736,-0.879683614,-0.342298597,-0.767309298,1.075196538,0.711988972,76
18:43:30,0.000926405,0.011926174,0.000462949,-0.059620574,0.03743986,0.012509532,-0.32998085,-0.877767324,-0.347328424,-0.759791287,1.071181831,0.70620543,76
18:43:31,0.004423141,0.01715523,-0.005462289,-0.004583951,0.011675377,0.01324057,-0.329967916,-0.876083732,-0.351565778,-0.753718694,1.067678957,0.701829209,76
18:43:31,-0.000964105,0.013438106,0.007080376,0.034869451,0.010519033,-0.003898203,-0.330089182,-0.876837671,-0.349566728,-0.756748058,1.069244838,0.706274975,76
18:43:31,0.004009783,0.019779742,-0.007577479,0.048199102,-0.003096379,0.000794287,-0.329585046,-0.878235221,-0.346520931,-0.760354274,1.072159323,0.711874738,76
18:43:31,-0.001671821,0.010483205,0.000874937,-0.009350743,0.001899712,0.002271276,-0.329365969,-0.878780186,-0.345345318,-0.761719362,1.073300158,0.713221647,76
18:43:31,-0.000282973,0.013686061,-0.005515039,-0.066840403,0.011744886,-0.00102625,-0.329213768,-0.877527654,-0.348659813,-0.756719194,1.070681806,0.708171115,76
18:43:31,-0.004489183,0.018379688,0.001026452,-0.054624483,0.021471815,0.001459012,-0.328944176,-0.875384986,-0.354255527,-0.748366859,1.066231647,0.700157971,76
18:43:31,0.000503182,0.020822227,-0.0073753,0.015224643,0.033793464,0.003672898,-0.327985525,-0.875828445,-0.354047865,-0.747204029,1.067149695,0.702772436,76
18:43:31,-0.001830697,0.014063537,0.003435016,0.011558269,0.015427239,-0.000122906,-0.327208102,-0.876455188,-0.353215605,-0.747194263,1.068449874,0.705027251,76
18:43:31,0.001983613,0.009817421,-0.002049208,0.011485832,0.00684467,0.003424425,-0.327039808,-0.876588106,-0.353041559,-0.74718347,1.068726045,0.705875634,76